<?xml version="1.0" encoding="UTF-8"?>
<metadata xml:lang="en"><Esri><CreaDate>20211118</CreaDate><CreaTime>09282200</CreaTime><ArcGISFormat>1.0</ArcGISFormat><SyncOnce>FALSE</SyncOnce><DataProperties><lineage><Process ToolSource="c:\program files\arcgis\pro\Resources\ArcToolbox\toolboxes\Conversion Tools.tbx\FeatureClassToFeatureClass" Date="20201130" Time="143117">FeatureClassToFeatureClass LBI_BB_islands_CRC_draft_20201127_step2_merge H:\GIS\BB_Islands_Workgroup\Forsythe\Data\Barnegat_Bay_Islands_Catalog_Drafts LBI_BB_islands_CRC_draft_20201127_step3_OMWM.shp # "ACRES "ACRES" true true false 19 Double 0 0,First,#,LBI_BB_islands_CRC_draft_20201127_step2_merge,LBI_BB_islands_CRC_draft_20201127_step2_merge.ACRES,-1,-1;GoogleName "GoogleName" true true false 254 Text 0 0,First,#,LBI_BB_islands_CRC_draft_20201127_step2_merge,LBI_BB_islands_CRC_draft_20201127_step2_merge.GoogleName,0,254;Source "Source" true true false 254 Text 0 0,First,#,LBI_BB_islands_CRC_draft_20201127_step2_merge,LBI_BB_islands_CRC_draft_20201127_step2_merge.Source,0,254;Island_ID "Island_ID" true true false 10 Long 0 10,First,#,LBI_BB_islands_CRC_draft_20201127_step2_merge,LBI_BB_islands_CRC_draft_20201127_step2_merge.Island_ID,-1,-1;FID_ "FID" false true false 4 Long 0 9,First,#,LBI_BB_islands_CRC_draft_20201127_step2_merge,NHD_flowline_canalditch_njspcs_clip_join_dissolve.FID,-1,-1;Island_ID_ "Island_ID" true true false 10 Long 0 10,First,#,LBI_BB_islands_CRC_draft_20201127_step2_merge,NHD_flowline_canalditch_njspcs_clip_join_dissolve.Island_ID,-1,-1;Length_ft "Length_ft" true true false 13 Float 0 0,First,#,LBI_BB_islands_CRC_draft_20201127_step2_merge,NHD_flowline_canalditch_njspcs_clip_join_dissolve.Length_ft,-1,-1" #</Process><Process ToolSource="c:\program files\arcgis\pro\Resources\ArcToolbox\toolboxes\Data Management Tools.tbx\DeleteField" Date="20201130" Time="143136">DeleteField LBI_BB_islands_CRC_draft_20201127_step3_OMWM FID_</Process><Process ToolSource="c:\program files\arcgis\pro\Resources\ArcToolbox\toolboxes\Data Management Tools.tbx\DeleteField" Date="20201130" Time="143141">DeleteField LBI_BB_islands_CRC_draft_20201127_step3_OMWM Island_ID_</Process><Process ToolSource="c:\program files\arcgis\pro\Resources\ArcToolbox\toolboxes\Data Management Tools.tbx\Copy" Date="20201130" Time="165525">Copy H:\GIS\BB_Islands_Workgroup\Forsythe\Data\Barnegat_Bay_Islands_Catalog_Drafts\LBI_BB_islands_CRC_draft_20201127_step3_OMWM.shp H:\GIS\BB_Islands_Workgroup\Forsythe\Data\Barnegat_Bay_Islands_Catalog_Drafts\LBI_BB_islands_CRC_draft_20201127_step3_OMWM_1.shp Shapefile #</Process><Process ToolSource="c:\program files\arcgis\pro\Resources\ArcToolbox\toolboxes\Data Management Tools.tbx\Rename" Date="20201130" Time="165640">Rename H:\GIS\BB_Islands_Workgroup\Forsythe\Data\Barnegat_Bay_Islands_Catalog_Drafts\LBI_BB_islands_CRC_draft_20201127_step3_OMWM_1.shp H:\GIS\BB_Islands_Workgroup\Forsythe\Data\Barnegat_Bay_Islands_Catalog_Drafts\LBI_BB_islands_CRC_draft_20201130.shp ShapeFile</Process><Process ToolSource="c:\program files\arcgis\pro\Resources\ArcToolbox\toolboxes\Analysis Tools.tbx\Union" Date="20201130" Time="182151">Union "LBI_BB_islands_CRC_draft_20201130 #;Land_lu_2015_water #" H:\GIS\BB_Islands_Workgroup\Forsythe\Data\Barnegat_Bay_Islands_Catalog_Drafts\working\LBI_BB_islands_CRC_draft_20201127_step4_saltponds.shp "All attributes" # NO_GAPS</Process><Process ToolSource="c:\program files\arcgis\pro\Resources\ArcToolbox\toolboxes\Data Management Tools.tbx\UpdateSchema" Date="20201130" Time="183109">UpdateSchema "CIMDATA=&lt;CIMStandardDataConnection xsi:type='typens:CIMStandardDataConnection' xmlns:xsi='http://www.w3.org/2001/XMLSchema-instance' xmlns:xs='http://www.w3.org/2001/XMLSchema' xmlns:typens='http://www.esri.com/schemas/ArcGIS/2.5.0'&gt;&lt;WorkspaceConnectionString&gt;DATABASE=H:\GIS\BB_Islands_Workgroup\Forsythe\Data\Barnegat_Bay_Islands_Catalog_Drafts\working&lt;/WorkspaceConnectionString&gt;&lt;WorkspaceFactory&gt;Shapefile&lt;/WorkspaceFactory&gt;&lt;Dataset&gt;LBI_BB_islands_CRC_draft_20201127_step4_saltponds&lt;/Dataset&gt;&lt;DatasetType&gt;esriDTFeatureClass&lt;/DatasetType&gt;&lt;/CIMStandardDataConnection&gt;" &lt;operationSequence&gt;&lt;workflow&gt;&lt;DeleteField&gt;&lt;field_name&gt;FID_Land_l&lt;/field_name&gt;&lt;field_name&gt;ACRES_1&lt;/field_name&gt;&lt;field_name&gt;LU15&lt;/field_name&gt;&lt;field_name&gt;LABEL15&lt;/field_name&gt;&lt;field_name&gt;TYPE15&lt;/field_name&gt;&lt;field_name&gt;IS15&lt;/field_name&gt;&lt;field_name&gt;ISACRES15&lt;/field_name&gt;&lt;field_name&gt;DV15&lt;/field_name&gt;&lt;field_name&gt;LU12&lt;/field_name&gt;&lt;field_name&gt;LABEL12&lt;/field_name&gt;&lt;field_name&gt;TYPE12&lt;/field_name&gt;&lt;field_name&gt;IS12&lt;/field_name&gt;&lt;field_name&gt;ISACRES12&lt;/field_name&gt;&lt;field_name&gt;DV12&lt;/field_name&gt;&lt;field_name&gt;CHANGE15&lt;/field_name&gt;&lt;field_name&gt;ISCHANGE15&lt;/field_name&gt;&lt;field_name&gt;HU8&lt;/field_name&gt;&lt;field_name&gt;STATUS&lt;/field_name&gt;&lt;field_name&gt;APPROVED&lt;/field_name&gt;&lt;field_name&gt;COMID&lt;/field_name&gt;&lt;field_name&gt;PERMANENT_&lt;/field_name&gt;&lt;field_name&gt;FDATE&lt;/field_name&gt;&lt;field_name&gt;RESOLUTION&lt;/field_name&gt;&lt;field_name&gt;GNIS_ID&lt;/field_name&gt;&lt;field_name&gt;GNIS_NAME&lt;/field_name&gt;&lt;field_name&gt;AREASQKM&lt;/field_name&gt;&lt;field_name&gt;ELEVATION&lt;/field_name&gt;&lt;field_name&gt;REACHCODE&lt;/field_name&gt;&lt;field_name&gt;FTYPE&lt;/field_name&gt;&lt;field_name&gt;FCODE&lt;/field_name&gt;&lt;field_name&gt;FTYPE_DESC&lt;/field_name&gt;&lt;field_name&gt;FCODE_DESC&lt;/field_name&gt;&lt;field_name&gt;FTYPE_DISP&lt;/field_name&gt;&lt;field_name&gt;NHD_FEATUR&lt;/field_name&gt;&lt;field_name&gt;WATERBODY_&lt;/field_name&gt;&lt;field_name&gt;FEATURE_ID&lt;/field_name&gt;&lt;field_name&gt;FEATURE_NA&lt;/field_name&gt;&lt;field_name&gt;FEATURE_CL&lt;/field_name&gt;&lt;field_name&gt;LEVELELEV&lt;/field_name&gt;&lt;field_name&gt;GLOBALID&lt;/field_name&gt;&lt;field_name&gt;SHAPE_Leng&lt;/field_name&gt;&lt;field_name&gt;SHAPE_Area&lt;/field_name&gt;&lt;/DeleteField&gt;&lt;/workflow&gt;&lt;/operationSequence&gt;</Process><Process ToolSource="c:\program files\arcgis\pro\Resources\ArcToolbox\toolboxes\Data Management Tools.tbx\CalculateGeometryAttributes" Date="20201130" Time="183207">CalculateGeometryAttributes LBI_BB_islands_CRC_draft_20201127_step4_saltponds "ACRES AREA" # Acres PROJCS['NAD_1983_StatePlane_New_Jersey_FIPS_2900_Feet',GEOGCS['GCS_North_American_1983',DATUM['D_North_American_1983',SPHEROID['GRS_1980',6378137.0,298.257222101]],PRIMEM['Greenwich',0.0],UNIT['Degree',0.0174532925199433]],PROJECTION['Transverse_Mercator'],PARAMETER['False_Easting',492125.0],PARAMETER['False_Northing',0.0],PARAMETER['Central_Meridian',-74.5],PARAMETER['Scale_Factor',0.9999],PARAMETER['Latitude_Of_Origin',38.83333333333334],UNIT['Foot_US',0.3048006096012192]] "Same as input"</Process><Process ToolSource="c:\program files\arcgis\pro\Resources\ArcToolbox\toolboxes\Conversion Tools.tbx\FeatureClassToFeatureClass" Date="20201130" Time="183614">FeatureClassToFeatureClass LBI_BB_islands_CRC_draft_20201127_step4_saltponds H:\GIS\BB_Islands_Workgroup\Forsythe\Data\Barnegat_Bay_Islands_Catalog_Drafts LBI_BB_islands_CRC_draft_20201130.shp # "FID_LBI_BB "FID_LBI_BB" true true false 10 Long 0 10,First,#,LBI_BB_islands_CRC_draft_20201127_step4_saltponds,FID_LBI_BB,-1,-1;ACRES "ACRES" true true false 19 Double 0 0,First,#,LBI_BB_islands_CRC_draft_20201127_step4_saltponds,ACRES,-1,-1;GoogleName "GoogleName" true true false 254 Text 0 0,First,#,LBI_BB_islands_CRC_draft_20201127_step4_saltponds,GoogleName,0,254;Source "Source" true true false 254 Text 0 0,First,#,LBI_BB_islands_CRC_draft_20201127_step4_saltponds,Source,0,254;Island_ID "Island_ID" true true false 10 Long 0 10,First,#,LBI_BB_islands_CRC_draft_20201127_step4_saltponds,Island_ID,-1,-1;Length_ft "Length_ft" true true false 13 Float 0 0,First,#,LBI_BB_islands_CRC_draft_20201127_step4_saltponds,Length_ft,-1,-1" #</Process><Process ToolSource="c:\program files\arcgis\pro\Resources\ArcToolbox\toolboxes\Data Management Tools.tbx\Sort" Date="20201130" Time="184051">Sort LBI_BB_islands_CRC_draft_20201130 H:\GIS\BB_Islands_Workgroup\Forsythe\Data\Barnegat_Bay_Islands_Catalog_Drafts\LBI_BB_islands_CRC_draft_20201130_v2.shp "Island_ID ASCENDING" "Upper right"</Process><Process ToolSource="c:\program files\arcgis\pro\Resources\ArcToolbox\toolboxes\Data Management Tools.tbx\DeleteField" Date="20201130" Time="184105">DeleteField LBI_BB_islands_CRC_draft_20201130_v2 FID_LBI_BB</Process><Process ToolSource="c:\users\ferencza\appdata\local\programs\arcgis\pro\Resources\ArcToolbox\Toolboxes\Data Management Tools.tbx\UpdateSchema" Date="20201208" Time="190524">UpdateSchema "CIMDATA=&lt;CIMStandardDataConnection xsi:type='typens:CIMStandardDataConnection' xmlns:xsi='http://www.w3.org/2001/XMLSchema-instance' xmlns:xs='http://www.w3.org/2001/XMLSchema' xmlns:typens='http://www.esri.com/schemas/ArcGIS/2.5.0'&gt;&lt;WorkspaceConnectionString&gt;DATABASE=C:\Users\ferencza\Documents\Projects\BB_Islands_Workgroup\Forsythe\Data\Barnegat_Bay_Islands_Catalog_Drafts&lt;/WorkspaceConnectionString&gt;&lt;WorkspaceFactory&gt;Shapefile&lt;/WorkspaceFactory&gt;&lt;Dataset&gt;LBI_BB_islands_CRC_draft_20201130_v2.shp&lt;/Dataset&gt;&lt;DatasetType&gt;esriDTFeatureClass&lt;/DatasetType&gt;&lt;/CIMStandardDataConnection&gt;" &lt;operationSequence&gt;&lt;workflow&gt;&lt;AddField&gt;&lt;field_name&gt;HM_Acre&lt;/field_name&gt;&lt;field_type&gt;FLOAT&lt;/field_type&gt;&lt;field_is_nullable&gt;False&lt;/field_is_nullable&gt;&lt;field_is_required&gt;False&lt;/field_is_required&gt;&lt;/AddField&gt;&lt;/workflow&gt;&lt;workflow&gt;&lt;AddField&gt;&lt;field_name&gt;LM_Acre&lt;/field_name&gt;&lt;field_type&gt;FLOAT&lt;/field_type&gt;&lt;field_is_nullable&gt;False&lt;/field_is_nullable&gt;&lt;field_is_required&gt;False&lt;/field_is_required&gt;&lt;/AddField&gt;&lt;/workflow&gt;&lt;workflow&gt;&lt;AddField&gt;&lt;field_name&gt;HM_SqFt&lt;/field_name&gt;&lt;field_type&gt;FLOAT&lt;/field_type&gt;&lt;field_is_nullable&gt;False&lt;/field_is_nullable&gt;&lt;field_is_required&gt;False&lt;/field_is_required&gt;&lt;/AddField&gt;&lt;/workflow&gt;&lt;workflow&gt;&lt;AddField&gt;&lt;field_name&gt;LM_SqFt&lt;/field_name&gt;&lt;field_type&gt;FLOAT&lt;/field_type&gt;&lt;field_is_nullable&gt;False&lt;/field_is_nullable&gt;&lt;field_is_required&gt;False&lt;/field_is_required&gt;&lt;/AddField&gt;&lt;/workflow&gt;&lt;/operationSequence&gt;</Process><Process ToolSource="c:\users\ferencza\appdata\local\programs\arcgis\pro\Resources\ArcToolbox\toolboxes\Data Management Tools.tbx\CalculateGeometryAttributes" Date="20201208" Time="191023">CalculateGeometryAttributes LBI_BB_islands_CRC_draft_20201130_v2 "ACRES AREA" # Acres PROJCS['NAD_1983_StatePlane_New_Jersey_FIPS_2900_Feet',GEOGCS['GCS_North_American_1983',DATUM['D_North_American_1983',SPHEROID['GRS_1980',6378137.0,298.257222101]],PRIMEM['Greenwich',0.0],UNIT['Degree',0.0174532925199433]],PROJECTION['Transverse_Mercator'],PARAMETER['False_Easting',492125.0],PARAMETER['False_Northing',0.0],PARAMETER['Central_Meridian',-74.5],PARAMETER['Scale_Factor',0.9999],PARAMETER['Latitude_Of_Origin',38.83333333333334],UNIT['Foot_US',0.3048006096012192]] "Same as input"</Process><Process ToolSource="c:\users\ferencza\appdata\local\programs\arcgis\pro\Resources\ArcToolbox\toolboxes\Data Management Tools.tbx\CalculateGeometryAttributes" Date="20201209" Time="102818">CalculateGeometryAttributes LBI_BB_islands_CRC_draft_20201130_v2 "ACRES AREA" # Acres PROJCS['NAD_1983_StatePlane_New_Jersey_FIPS_2900_Feet',GEOGCS['GCS_North_American_1983',DATUM['D_North_American_1983',SPHEROID['GRS_1980',6378137.0,298.257222101]],PRIMEM['Greenwich',0.0],UNIT['Degree',0.0174532925199433]],PROJECTION['Transverse_Mercator'],PARAMETER['False_Easting',492125.0],PARAMETER['False_Northing',0.0],PARAMETER['Central_Meridian',-74.5],PARAMETER['Scale_Factor',0.9999],PARAMETER['Latitude_Of_Origin',38.83333333333334],UNIT['Foot_US',0.3048006096012192]] "Same as input"</Process><Process ToolSource="c:\users\ferencza\appdata\local\programs\arcgis\pro\Resources\ArcToolbox\toolboxes\Data Management Tools.tbx\CalculateGeometryAttributes" Date="20201209" Time="102836">CalculateGeometryAttributes LBI_BB_islands_CRC_draft_20201130_v2 "ACRES AREA" # Acres PROJCS['NAD_1983_StatePlane_New_Jersey_FIPS_2900_Feet',GEOGCS['GCS_North_American_1983',DATUM['D_North_American_1983',SPHEROID['GRS_1980',6378137.0,298.257222101]],PRIMEM['Greenwich',0.0],UNIT['Degree',0.0174532925199433]],PROJECTION['Transverse_Mercator'],PARAMETER['False_Easting',492125.0],PARAMETER['False_Northing',0.0],PARAMETER['Central_Meridian',-74.5],PARAMETER['Scale_Factor',0.9999],PARAMETER['Latitude_Of_Origin',38.83333333333334],UNIT['Foot_US',0.3048006096012192]] "Same as input"</Process><Process ToolSource="c:\users\ferencza\appdata\local\programs\arcgis\pro\Resources\ArcToolbox\Toolboxes\Data Management Tools.tbx\Copy" Date="20201215" Time="194505">Copy C:\Users\ferencza\Documents\Projects\BB_Islands_Workgroup\Forsythe\Data\Barnegat_Bay_Islands_Catalog_Drafts\LBI_BB_islands_CRC_draft_20201130_v2.shp C:\Users\ferencza\Documents\Projects\BB_Islands_Workgroup\Forsythe\Data\Barnegat_Bay_Islands_Catalog_Drafts\LBI_BB_islands_CRC_draft_20201130_v2_1.shp Shapefile #</Process><Process ToolSource="c:\users\ferencza\appdata\local\programs\arcgis\pro\Resources\ArcToolbox\Toolboxes\Data Management Tools.tbx\Rename" Date="20201215" Time="194519">Rename C:\Users\ferencza\Documents\Projects\BB_Islands_Workgroup\Forsythe\Data\Barnegat_Bay_Islands_Catalog_Drafts\LBI_BB_islands_CRC_draft_20201130_v2_1.shp C:\Users\ferencza\Documents\Projects\BB_Islands_Workgroup\Forsythe\Data\Barnegat_Bay_Islands_Catalog_Drafts\LBI_BB_islands_CRC_draft_20201215.shp ShapeFile</Process><Process ToolSource="c:\users\ferencza\appdata\local\programs\arcgis\pro\Resources\ArcToolbox\Toolboxes\Data Management Tools.tbx\UpdateSchema" Date="20201215" Time="204945">UpdateSchema "CIMDATA=&lt;CIMStandardDataConnection xsi:type='typens:CIMStandardDataConnection' xmlns:xsi='http://www.w3.org/2001/XMLSchema-instance' xmlns:xs='http://www.w3.org/2001/XMLSchema' xmlns:typens='http://www.esri.com/schemas/ArcGIS/2.5.0'&gt;&lt;WorkspaceConnectionString&gt;DATABASE=C:\Users\ferencza\Documents\Projects\BB_Islands_Workgroup\Forsythe\Data\Barnegat_Bay_Islands_Catalog_Drafts&lt;/WorkspaceConnectionString&gt;&lt;WorkspaceFactory&gt;Shapefile&lt;/WorkspaceFactory&gt;&lt;Dataset&gt;LBI_BB_islands_CRC_draft_20201215.shp&lt;/Dataset&gt;&lt;DatasetType&gt;esriDTFeatureClass&lt;/DatasetType&gt;&lt;/CIMStandardDataConnection&gt;" &lt;operationSequence&gt;&lt;workflow&gt;&lt;AddField&gt;&lt;field_name&gt;temp&lt;/field_name&gt;&lt;field_type&gt;LONG&lt;/field_type&gt;&lt;field_is_nullable&gt;False&lt;/field_is_nullable&gt;&lt;field_is_required&gt;False&lt;/field_is_required&gt;&lt;/AddField&gt;&lt;/workflow&gt;&lt;/operationSequence&gt;</Process><Process ToolSource="c:\users\ferencza\appdata\local\programs\arcgis\pro\Resources\ArcToolbox\toolboxes\Data Management Tools.tbx\CalculateField" Date="20201215" Time="205015">CalculateField "Island Catalog\LBI_BB_islands_CRC_draft_20201215" temp !Island_ID!+1 "Python 3" # Text</Process><Process ToolSource="c:\users\ferencza\appdata\local\programs\arcgis\pro\Resources\ArcToolbox\Toolboxes\Data Management Tools.tbx\CalculateField" Date="20201215" Time="205218">CalculateField "Island Catalog\LBI_BB_islands_CRC_draft_20201215" Island_ID !temp! "Python 3" # Text</Process><Process ToolSource="c:\users\ferencza\appdata\local\programs\arcgis\pro\Resources\ArcToolbox\Toolboxes\Data Management Tools.tbx\DeleteField" Date="20201215" Time="205244">DeleteField "Island Catalog\LBI_BB_islands_CRC_draft_20201215" temp</Process><Process ToolSource="c:\users\ferencza\appdata\local\programs\arcgis\pro\Resources\ArcToolbox\toolboxes\Data Management Tools.tbx\Sort" Date="20201215" Time="205656">Sort "Island Catalog\LBI_BB_islands_CRC_draft_20201215" C:\Users\ferencza\Documents\Projects\BB_Islands_Workgroup\Forsythe\Data\Barnegat_Bay_Islands_Catalog_Drafts\LBI_BB_islands_CRC_draft_20201215_v2.shp "Island_ID ASCENDING" "Upper right"</Process><Process ToolSource="c:\users\ferencza\appdata\local\programs\arcgis\pro\Resources\ArcToolbox\toolboxes\Data Management Tools.tbx\CalculateField" Date="20201217" Time="092836">CalculateField "Island Catalog\LBI_BB_islands_CRC_draft_20201215_v2" Length_ft 0 "Python 3" # Text</Process><Process ToolSource="c:\users\ferencza\appdata\local\programs\arcgis\pro\Resources\ArcToolbox\toolboxes\Data Management Tools.tbx\CalculateField" Date="20201217" Time="092851">CalculateField "Island Catalog\LBI_BB_islands_CRC_draft_20201215_v2" Length_ft !Island_ID!+1 PYTHON3 # Text</Process><Process ToolSource="c:\users\ferencza\appdata\local\programs\arcgis\pro\Resources\ArcToolbox\toolboxes\Data Management Tools.tbx\CalculateField" Date="20201217" Time="092909">CalculateField "Island Catalog\LBI_BB_islands_CRC_draft_20201215_v2" Island_ID !Length_ft! PYTHON3 # Text</Process><Process ToolSource="c:\users\ferencza\appdata\local\programs\arcgis\pro\Resources\ArcToolbox\toolboxes\Data Management Tools.tbx\CalculateField" Date="20201217" Time="092922">CalculateField "Island Catalog\LBI_BB_islands_CRC_draft_20201215_v2" Length_ft 0 PYTHON3 # Text</Process><Process ToolSource="c:\users\ferencza\appdata\local\programs\arcgis\pro\Resources\ArcToolbox\toolboxes\Data Management Tools.tbx\CalculateField" Date="20201217" Time="092932">CalculateField "Island Catalog\LBI_BB_islands_CRC_draft_20201215_v2" HM_Acre 0 PYTHON3 # Text</Process><Process ToolSource="c:\users\ferencza\appdata\local\programs\arcgis\pro\Resources\ArcToolbox\toolboxes\Data Management Tools.tbx\CalculateField" Date="20201217" Time="092939">CalculateField "Island Catalog\LBI_BB_islands_CRC_draft_20201215_v2" LM_Acre 0 PYTHON3 # Text</Process><Process ToolSource="c:\users\ferencza\appdata\local\programs\arcgis\pro\Resources\ArcToolbox\toolboxes\Data Management Tools.tbx\CalculateField" Date="20201217" Time="092955">CalculateField "Island Catalog\LBI_BB_islands_CRC_draft_20201215_v2" HM_SqFt 0 PYTHON3 # Text</Process><Process ToolSource="c:\users\ferencza\appdata\local\programs\arcgis\pro\Resources\ArcToolbox\toolboxes\Data Management Tools.tbx\CalculateField" Date="20201217" Time="093037">CalculateField "Island Catalog\LBI_BB_islands_CRC_draft_20201215_v2" LM_SqFt 0 PYTHON3 # Text</Process><Process ToolSource="c:\users\ferencza\appdata\local\programs\arcgis\pro\Resources\ArcToolbox\toolboxes\Data Management Tools.tbx\CalculateField" Date="20201217" Time="103217">CalculateField "Edge Erosion\Island Catalog\LBI_BB_islands_CRC_draft_20201215_v2" Length_ft 0 PYTHON3 # Text</Process><Process ToolSource="c:\users\ferencza\appdata\local\programs\arcgis\pro\Resources\ArcToolbox\toolboxes\Data Management Tools.tbx\CalculateField" Date="20201217" Time="103223">CalculateField "Edge Erosion\Island Catalog\LBI_BB_islands_CRC_draft_20201215_v2" HM_Acre 0 PYTHON3 # Text</Process><Process ToolSource="c:\users\ferencza\appdata\local\programs\arcgis\pro\Resources\ArcToolbox\toolboxes\Data Management Tools.tbx\CalculateField" Date="20201217" Time="103235">CalculateField "Edge Erosion\Island Catalog\LBI_BB_islands_CRC_draft_20201215_v2" Length_ft 0 PYTHON3 # Text</Process><Process ToolSource="c:\users\ferencza\appdata\local\programs\arcgis\pro\Resources\ArcToolbox\toolboxes\Data Management Tools.tbx\CalculateField" Date="20201217" Time="103243">CalculateField "Edge Erosion\Island Catalog\LBI_BB_islands_CRC_draft_20201215_v2" HM_Acre 0 PYTHON3 # Text</Process><Process ToolSource="c:\users\ferencza\appdata\local\programs\arcgis\pro\Resources\ArcToolbox\toolboxes\Data Management Tools.tbx\CalculateField" Date="20201217" Time="103359">CalculateField "Edge Erosion\Island Catalog\LBI_BB_islands_CRC_draft_20201215_v2" HM_SqFt 0 PYTHON3 # Text</Process><Process ToolSource="c:\users\ferencza\appdata\local\programs\arcgis\pro\Resources\ArcToolbox\toolboxes\Data Management Tools.tbx\CalculateField" Date="20201217" Time="103409">CalculateField "Edge Erosion\Island Catalog\LBI_BB_islands_CRC_draft_20201215_v2" LM_SqFt 0 PYTHON3 # Text</Process><Process ToolSource="c:\users\ferencza\appdata\local\programs\arcgis\pro\Resources\ArcToolbox\toolboxes\Data Management Tools.tbx\CalculateField" Date="20201217" Time="103418">CalculateField "Edge Erosion\Island Catalog\LBI_BB_islands_CRC_draft_20201215_v2" LM_Acre 0 PYTHON3 # Text</Process><Process ToolSource="c:\users\ferencza\appdata\local\programs\arcgis\pro\Resources\ArcToolbox\toolboxes\Data Management Tools.tbx\Copy" Date="20201217" Time="113736">Copy C:\Users\ferencza\Documents\Projects\BB_Islands_Workgroup\Forsythe\Data\Barnegat_Bay_Islands_Catalog_Drafts\LBI_BB_islands_CRC_draft_20201215_v2.shp C:\Users\ferencza\Documents\Projects\BB_Islands_Workgroup\Forsythe\Data\Barnegat_Bay_Islands_Catalog_Drafts\LBI_BB_islands_CRC_draft_20201215_v2_1.shp Shapefile #</Process><Process ToolSource="c:\users\ferencza\appdata\local\programs\arcgis\pro\Resources\ArcToolbox\toolboxes\Data Management Tools.tbx\Rename" Date="20201217" Time="113744">Rename C:\Users\ferencza\Documents\Projects\BB_Islands_Workgroup\Forsythe\Data\Barnegat_Bay_Islands_Catalog_Drafts\LBI_BB_islands_CRC_draft_20201215_v2_1.shp C:\Users\ferencza\Documents\Projects\BB_Islands_Workgroup\Forsythe\Data\Barnegat_Bay_Islands_Catalog_Drafts\LBI_BB_islands_CRC_draft_20201215_v2_NoGaps.shp ShapeFile</Process><Process ToolSource="c:\users\ferencza\appdata\local\programs\arcgis\pro\Resources\ArcToolbox\toolboxes\Data Management Tools.tbx\CalculateGeometryAttributes" Date="20201221" Time="105437">CalculateGeometryAttributes "Island Catalog\LBI_BB_islands_CRC_draft_20201215_v2_NoGaps" "ACRES AREA" # Acres PROJCS['NAD_1983_StatePlane_New_Jersey_FIPS_2900_Feet',GEOGCS['GCS_North_American_1983',DATUM['D_North_American_1983',SPHEROID['GRS_1980',6378137.0,298.257222101]],PRIMEM['Greenwich',0.0],UNIT['Degree',0.0174532925199433]],PROJECTION['Transverse_Mercator'],PARAMETER['False_Easting',492125.0],PARAMETER['False_Northing',0.0],PARAMETER['Central_Meridian',-74.5],PARAMETER['Scale_Factor',0.9999],PARAMETER['Latitude_Of_Origin',38.83333333333334],UNIT['Foot_US',0.3048006096012192]] "Same as input"</Process><Process ToolSource="c:\program files (x86)\arcgis\desktop10.8\ArcToolbox\Toolboxes\Data Management Tools.tbx\CalculateField" Date="20210106" Time="164041">CalculateField LBI_BB_islands_CRC_draft_20201215_v2_NoGaps DSAS "No" VB #</Process><Process ToolSource="c:\program files (x86)\arcgis\desktop10.8\ArcToolbox\Toolboxes\Data Management Tools.tbx\CalculateField" Date="20210106" Time="164054">CalculateField LBI_BB_islands_CRC_draft_20201215_v2_NoGaps DSAS "Yes" VB #</Process><Process ToolSource="c:\users\ferencza\appdata\local\programs\arcgis\pro\Resources\ArcToolbox\toolboxes\Data Management Tools.tbx\CalculateGeometryAttributes" Date="20210120" Time="110211">CalculateGeometryAttributes "Island Catalog\LBI_BB_islands_CRC_draft_20201215_v2_NoGaps" "ACRES AREA" # Acres PROJCS['NAD_1983_StatePlane_New_Jersey_FIPS_2900_Feet',GEOGCS['GCS_North_American_1983',DATUM['D_North_American_1983',SPHEROID['GRS_1980',6378137.0,298.257222101]],PRIMEM['Greenwich',0.0],UNIT['Degree',0.0174532925199433]],PROJECTION['Transverse_Mercator'],PARAMETER['False_Easting',492125.0],PARAMETER['False_Northing',0.0],PARAMETER['Central_Meridian',-74.5],PARAMETER['Scale_Factor',0.9999],PARAMETER['Latitude_Of_Origin',38.83333333333334],UNIT['Foot_US',0.3048006096012192]] "Same as input"</Process><Process ToolSource="c:\users\ferencza\appdata\local\programs\arcgis\pro\Resources\ArcToolbox\toolboxes\Data Management Tools.tbx\DeleteField" Date="20210428" Time="112955">DeleteField "Island Catalog\LBI_BB_islands_CRC_draft_20201215_v4_NoGaps" Baseline_C</Process><Process ToolSource="c:\users\ferencza\appdata\local\programs\arcgis\pro\Resources\ArcToolbox\toolboxes\Data Management Tools.tbx\DeleteField" Date="20210428" Time="113000">DeleteField "Island Catalog\LBI_BB_islands_CRC_draft_20201215_v4_NoGaps" DSAS</Process><Process ToolSource="c:\users\ferencza\appdata\local\programs\arcgis\pro\Resources\ArcToolbox\toolboxes\Data Management Tools.tbx\Sort" Date="20210428" Time="121247">Sort "Island Catalog\LBI_BB_islands_CRC_draft_20201215_v4_NoGaps" C:\Users\ferencza\Documents\Projects\BB_Islands_Workgroup\Forsythe\Data\Barnegat_Bay_Islands_Catalog_Drafts\LBI_BB_islands_CRC_draft_20210428_v5_NoGaps.shp "Island_ID ASCENDING" "Upper right"</Process><Process ToolSource="c:\users\ferencza\appdata\local\programs\arcgis\pro\Resources\ArcToolbox\toolboxes\Data Management Tools.tbx\CalculateGeometryAttributes" Date="20210428" Time="122237">CalculateGeometryAttributes "Island Catalog\LBI_BB_islands_CRC_draft_20210428_v5_NoGaps" "ACRES AREA" # Acres PROJCS['NAD_1983_StatePlane_New_Jersey_FIPS_2900_Feet',GEOGCS['GCS_North_American_1983',DATUM['D_North_American_1983',SPHEROID['GRS_1980',6378137.0,298.257222101]],PRIMEM['Greenwich',0.0],UNIT['Degree',0.0174532925199433]],PROJECTION['Transverse_Mercator'],PARAMETER['False_Easting',492125.0],PARAMETER['False_Northing',0.0],PARAMETER['Central_Meridian',-74.5],PARAMETER['Scale_Factor',0.9999],PARAMETER['Latitude_Of_Origin',38.83333333333334],UNIT['Foot_US',0.3048006096012192]] "Same as input"</Process><Process ToolSource="c:\users\ferencza\appdata\local\programs\arcgis\pro\Resources\ArcToolbox\toolboxes\Data Management Tools.tbx\CalculateGeometryAttributes" Date="20210428" Time="123209">CalculateGeometryAttributes "Island Catalog\LBI_BB_islands_CRC_draft_20210428_v5_NoGaps" "ACRES AREA" # Acres PROJCS['NAD_1983_StatePlane_New_Jersey_FIPS_2900_Feet',GEOGCS['GCS_North_American_1983',DATUM['D_North_American_1983',SPHEROID['GRS_1980',6378137.0,298.257222101]],PRIMEM['Greenwich',0.0],UNIT['Degree',0.0174532925199433]],PROJECTION['Transverse_Mercator'],PARAMETER['False_Easting',492125.0],PARAMETER['False_Northing',0.0],PARAMETER['Central_Meridian',-74.5],PARAMETER['Scale_Factor',0.9999],PARAMETER['Latitude_Of_Origin',38.83333333333334],UNIT['Foot_US',0.3048006096012192]] "Same as input"</Process><Process ToolSource="c:\users\ferencza\appdata\local\programs\arcgis\pro\Resources\ArcToolbox\toolboxes\Data Management Tools.tbx\UpdateSchema" Date="20210428" Time="153608">UpdateSchema "CIMDATA=&lt;CIMStandardDataConnection xsi:type='typens:CIMStandardDataConnection' xmlns:xsi='http://www.w3.org/2001/XMLSchema-instance' xmlns:xs='http://www.w3.org/2001/XMLSchema' xmlns:typens='http://www.esri.com/schemas/ArcGIS/2.5.0'&gt;&lt;WorkspaceConnectionString&gt;DATABASE=C:\Users\ferencza\Documents\Projects\BB_Islands_Workgroup\Forsythe\Data\Barnegat_Bay_Islands_Catalog_Drafts&lt;/WorkspaceConnectionString&gt;&lt;WorkspaceFactory&gt;Shapefile&lt;/WorkspaceFactory&gt;&lt;Dataset&gt;LBI_BB_islands_CRC_draft_20210428_v5_NoGaps&lt;/Dataset&gt;&lt;DatasetType&gt;esriDTFeatureClass&lt;/DatasetType&gt;&lt;/CIMStandardDataConnection&gt;" &lt;operationSequence&gt;&lt;workflow&gt;&lt;AddField&gt;&lt;field_name&gt;Erosn_Acre&lt;/field_name&gt;&lt;field_type&gt;FLOAT&lt;/field_type&gt;&lt;field_is_nullable&gt;False&lt;/field_is_nullable&gt;&lt;field_is_required&gt;False&lt;/field_is_required&gt;&lt;/AddField&gt;&lt;/workflow&gt;&lt;/operationSequence&gt;</Process><Process ToolSource="c:\users\ferencza\appdata\local\programs\arcgis\pro\Resources\ArcToolbox\toolboxes\Data Management Tools.tbx\UpdateSchema" Date="20210428" Time="155639">UpdateSchema "CIMDATA=&lt;CIMStandardDataConnection xsi:type='typens:CIMStandardDataConnection' xmlns:xsi='http://www.w3.org/2001/XMLSchema-instance' xmlns:xs='http://www.w3.org/2001/XMLSchema' xmlns:typens='http://www.esri.com/schemas/ArcGIS/2.5.0'&gt;&lt;WorkspaceConnectionString&gt;DATABASE=C:\Users\ferencza\Documents\Projects\BB_Islands_Workgroup\Forsythe\Data\Barnegat_Bay_Islands_Catalog_Drafts&lt;/WorkspaceConnectionString&gt;&lt;WorkspaceFactory&gt;Shapefile&lt;/WorkspaceFactory&gt;&lt;Dataset&gt;LBI_BB_islands_CRC_draft_20210428_v5_NoGaps&lt;/Dataset&gt;&lt;DatasetType&gt;esriDTFeatureClass&lt;/DatasetType&gt;&lt;/CIMStandardDataConnection&gt;" &lt;operationSequence&gt;&lt;workflow&gt;&lt;AddField&gt;&lt;field_name&gt;Ditching&lt;/field_name&gt;&lt;field_type&gt;FLOAT&lt;/field_type&gt;&lt;field_is_nullable&gt;False&lt;/field_is_nullable&gt;&lt;field_is_required&gt;False&lt;/field_is_required&gt;&lt;/AddField&gt;&lt;/workflow&gt;&lt;/operationSequence&gt;</Process><Process ToolSource="c:\users\ferencza\appdata\local\programs\arcgis\pro\Resources\ArcToolbox\toolboxes\Data Management Tools.tbx\UpdateSchema" Date="20210428" Time="160141">UpdateSchema "CIMDATA=&lt;CIMStandardDataConnection xsi:type='typens:CIMStandardDataConnection' xmlns:xsi='http://www.w3.org/2001/XMLSchema-instance' xmlns:xs='http://www.w3.org/2001/XMLSchema' xmlns:typens='http://www.esri.com/schemas/ArcGIS/2.5.0'&gt;&lt;WorkspaceConnectionString&gt;DATABASE=C:\Users\ferencza\Documents\Projects\BB_Islands_Workgroup\Forsythe\Data\Barnegat_Bay_Islands_Catalog_Drafts&lt;/WorkspaceConnectionString&gt;&lt;WorkspaceFactory&gt;Shapefile&lt;/WorkspaceFactory&gt;&lt;Dataset&gt;LBI_BB_islands_CRC_draft_20210428_v5_NoGaps&lt;/Dataset&gt;&lt;DatasetType&gt;esriDTFeatureClass&lt;/DatasetType&gt;&lt;/CIMStandardDataConnection&gt;" &lt;operationSequence&gt;&lt;workflow&gt;&lt;AddField&gt;&lt;field_name&gt;Ditch_feet&lt;/field_name&gt;&lt;field_type&gt;FLOAT&lt;/field_type&gt;&lt;field_is_nullable&gt;False&lt;/field_is_nullable&gt;&lt;field_is_required&gt;False&lt;/field_is_required&gt;&lt;/AddField&gt;&lt;/workflow&gt;&lt;/operationSequence&gt;</Process><Process ToolSource="c:\users\ferencza\appdata\local\programs\arcgis\pro\Resources\ArcToolbox\toolboxes\Data Management Tools.tbx\CalculateField" Date="20210428" Time="160156">CalculateField "Island Catalog\LBI_BB_islands_CRC_draft_20210428_v5_NoGaps" Ditch_feet !Ditching! PYTHON3 # Text</Process><Process ToolSource="c:\users\ferencza\appdata\local\programs\arcgis\pro\Resources\ArcToolbox\toolboxes\Data Management Tools.tbx\DeleteField" Date="20210428" Time="160201">DeleteField "Island Catalog\LBI_BB_islands_CRC_draft_20210428_v5_NoGaps" Ditching</Process><Process ToolSource="c:\users\ferencza\appdata\local\programs\arcgis\pro\Resources\ArcToolbox\toolboxes\Data Management Tools.tbx\UpdateSchema" Date="20210428" Time="160418">UpdateSchema "CIMDATA=&lt;CIMStandardDataConnection xsi:type='typens:CIMStandardDataConnection' xmlns:xsi='http://www.w3.org/2001/XMLSchema-instance' xmlns:xs='http://www.w3.org/2001/XMLSchema' xmlns:typens='http://www.esri.com/schemas/ArcGIS/2.5.0'&gt;&lt;WorkspaceConnectionString&gt;DATABASE=C:\Users\ferencza\Documents\Projects\BB_Islands_Workgroup\Forsythe\Data\Barnegat_Bay_Islands_Catalog_Drafts&lt;/WorkspaceConnectionString&gt;&lt;WorkspaceFactory&gt;Shapefile&lt;/WorkspaceFactory&gt;&lt;Dataset&gt;LBI_BB_islands_CRC_draft_20210428_v5_NoGaps&lt;/Dataset&gt;&lt;DatasetType&gt;esriDTFeatureClass&lt;/DatasetType&gt;&lt;/CIMStandardDataConnection&gt;" &lt;operationSequence&gt;&lt;workflow&gt;&lt;AddField&gt;&lt;field_name&gt;bearng_Cap&lt;/field_name&gt;&lt;field_type&gt;FLOAT&lt;/field_type&gt;&lt;field_is_nullable&gt;False&lt;/field_is_nullable&gt;&lt;field_is_required&gt;False&lt;/field_is_required&gt;&lt;/AddField&gt;&lt;/workflow&gt;&lt;/operationSequence&gt;</Process><Process ToolSource="c:\users\ferencza\appdata\local\programs\arcgis\pro\Resources\ArcToolbox\toolboxes\Data Management Tools.tbx\UpdateSchema" Date="20210428" Time="160807">UpdateSchema "CIMDATA=&lt;CIMStandardDataConnection xsi:type='typens:CIMStandardDataConnection' xmlns:xsi='http://www.w3.org/2001/XMLSchema-instance' xmlns:xs='http://www.w3.org/2001/XMLSchema' xmlns:typens='http://www.esri.com/schemas/ArcGIS/2.5.0'&gt;&lt;WorkspaceConnectionString&gt;DATABASE=C:\Users\ferencza\Documents\Projects\BB_Islands_Workgroup\Forsythe\Data\Barnegat_Bay_Islands_Catalog_Drafts&lt;/WorkspaceConnectionString&gt;&lt;WorkspaceFactory&gt;Shapefile&lt;/WorkspaceFactory&gt;&lt;Dataset&gt;LBI_BB_islands_CRC_draft_20210428_v5_NoGaps&lt;/Dataset&gt;&lt;DatasetType&gt;esriDTFeatureClass&lt;/DatasetType&gt;&lt;/CIMStandardDataConnection&gt;" &lt;operationSequence&gt;&lt;workflow&gt;&lt;AddField&gt;&lt;field_name&gt;brng_cap&lt;/field_name&gt;&lt;field_type&gt;FLOAT&lt;/field_type&gt;&lt;field_is_nullable&gt;False&lt;/field_is_nullable&gt;&lt;field_is_required&gt;False&lt;/field_is_required&gt;&lt;/AddField&gt;&lt;/workflow&gt;&lt;/operationSequence&gt;</Process><Process ToolSource="c:\users\ferencza\appdata\local\programs\arcgis\pro\Resources\ArcToolbox\toolboxes\Data Management Tools.tbx\CalculateField" Date="20210428" Time="160821">CalculateField "Island Catalog\LBI_BB_islands_CRC_draft_20210428_v5_NoGaps" brng_cap !bearng_Cap! PYTHON3 # Text</Process><Process ToolSource="c:\users\ferencza\appdata\local\programs\arcgis\pro\Resources\ArcToolbox\toolboxes\Data Management Tools.tbx\DeleteField" Date="20210428" Time="160827">DeleteField "Island Catalog\LBI_BB_islands_CRC_draft_20210428_v5_NoGaps" bearng_Cap</Process><Process ToolSource="c:\users\ferencza\appdata\local\programs\arcgis\pro\Resources\ArcToolbox\toolboxes\Data Management Tools.tbx\UpdateSchema" Date="20210428" Time="161254">UpdateSchema "CIMDATA=&lt;CIMStandardDataConnection xsi:type='typens:CIMStandardDataConnection' xmlns:xsi='http://www.w3.org/2001/XMLSchema-instance' xmlns:xs='http://www.w3.org/2001/XMLSchema' xmlns:typens='http://www.esri.com/schemas/ArcGIS/2.5.0'&gt;&lt;WorkspaceConnectionString&gt;DATABASE=C:\Users\ferencza\Documents\Projects\BB_Islands_Workgroup\Forsythe\Data\Barnegat_Bay_Islands_Catalog_Drafts&lt;/WorkspaceConnectionString&gt;&lt;WorkspaceFactory&gt;Shapefile&lt;/WorkspaceFactory&gt;&lt;Dataset&gt;LBI_BB_islands_CRC_draft_20210428_v5_NoGaps&lt;/Dataset&gt;&lt;DatasetType&gt;esriDTFeatureClass&lt;/DatasetType&gt;&lt;/CIMStandardDataConnection&gt;" &lt;operationSequence&gt;&lt;workflow&gt;&lt;AddField&gt;&lt;field_name&gt;mid_tram&lt;/field_name&gt;&lt;field_type&gt;FLOAT&lt;/field_type&gt;&lt;field_is_nullable&gt;False&lt;/field_is_nullable&gt;&lt;field_is_required&gt;False&lt;/field_is_required&gt;&lt;/AddField&gt;&lt;/workflow&gt;&lt;/operationSequence&gt;</Process><Process ToolSource="c:\users\ferencza\appdata\local\programs\arcgis\pro\Resources\ArcToolbox\toolboxes\Data Management Tools.tbx\UpdateSchema" Date="20210429" Time="120213">UpdateSchema "CIMDATA=&lt;CIMStandardDataConnection xsi:type='typens:CIMStandardDataConnection' xmlns:xsi='http://www.w3.org/2001/XMLSchema-instance' xmlns:xs='http://www.w3.org/2001/XMLSchema' xmlns:typens='http://www.esri.com/schemas/ArcGIS/2.5.0'&gt;&lt;WorkspaceConnectionString&gt;DATABASE=C:\Users\ferencza\Documents\Projects\BB_Islands_Workgroup\Forsythe\Data\Barnegat_Bay_Islands_Catalog_Drafts&lt;/WorkspaceConnectionString&gt;&lt;WorkspaceFactory&gt;Shapefile&lt;/WorkspaceFactory&gt;&lt;Dataset&gt;LBI_BB_islands_CRC_draft_20210428_v5_NoGaps&lt;/Dataset&gt;&lt;DatasetType&gt;esriDTFeatureClass&lt;/DatasetType&gt;&lt;/CIMStandardDataConnection&gt;" &lt;operationSequence&gt;&lt;workflow&gt;&lt;AddField&gt;&lt;field_name&gt;Ownership&lt;/field_name&gt;&lt;field_type&gt;TEXT&lt;/field_type&gt;&lt;field_length&gt;255&lt;/field_length&gt;&lt;field_is_nullable&gt;False&lt;/field_is_nullable&gt;&lt;field_is_required&gt;False&lt;/field_is_required&gt;&lt;/AddField&gt;&lt;/workflow&gt;&lt;/operationSequence&gt;</Process><Process ToolSource="c:\users\ferencza\appdata\local\programs\arcgis\pro\Resources\ArcToolbox\toolboxes\Data Management Tools.tbx\UpdateSchema" Date="20210429" Time="120347">UpdateSchema "CIMDATA=&lt;CIMStandardDataConnection xsi:type='typens:CIMStandardDataConnection' xmlns:xsi='http://www.w3.org/2001/XMLSchema-instance' xmlns:xs='http://www.w3.org/2001/XMLSchema' xmlns:typens='http://www.esri.com/schemas/ArcGIS/2.5.0'&gt;&lt;WorkspaceConnectionString&gt;DATABASE=C:\Users\ferencza\Documents\Projects\BB_Islands_Workgroup\Forsythe\Data\Barnegat_Bay_Islands_Catalog_Drafts&lt;/WorkspaceConnectionString&gt;&lt;WorkspaceFactory&gt;Shapefile&lt;/WorkspaceFactory&gt;&lt;Dataset&gt;LBI_BB_islands_CRC_draft_20210428_v5_NoGaps&lt;/Dataset&gt;&lt;DatasetType&gt;esriDTFeatureClass&lt;/DatasetType&gt;&lt;/CIMStandardDataConnection&gt;" &lt;operationSequence&gt;&lt;workflow&gt;&lt;AddField&gt;&lt;field_name&gt;Owner_Src&lt;/field_name&gt;&lt;field_type&gt;TEXT&lt;/field_type&gt;&lt;field_length&gt;255&lt;/field_length&gt;&lt;field_is_nullable&gt;False&lt;/field_is_nullable&gt;&lt;field_is_required&gt;False&lt;/field_is_required&gt;&lt;/AddField&gt;&lt;/workflow&gt;&lt;/operationSequence&gt;</Process><Process ToolSource="c:\users\ferencza\appdata\local\programs\arcgis\pro\Resources\ArcToolbox\toolboxes\Data Management Tools.tbx\DeleteField" Date="20210429" Time="120515">DeleteField "Island Catalog\LBI_BB_islands_CRC_draft_20210428_v5_NoGaps" Owner_Src</Process><Process ToolSource="c:\users\ferencza\appdata\local\programs\arcgis\pro\Resources\ArcToolbox\toolboxes\Data Management Tools.tbx\UpdateSchema" Date="20210429" Time="123054">UpdateSchema "CIMDATA=&lt;CIMStandardDataConnection xsi:type='typens:CIMStandardDataConnection' xmlns:xsi='http://www.w3.org/2001/XMLSchema-instance' xmlns:xs='http://www.w3.org/2001/XMLSchema' xmlns:typens='http://www.esri.com/schemas/ArcGIS/2.5.0'&gt;&lt;WorkspaceConnectionString&gt;DATABASE=C:\Users\ferencza\Documents\Projects\BB_Islands_Workgroup\Forsythe\Data\Barnegat_Bay_Islands_Catalog_Drafts&lt;/WorkspaceConnectionString&gt;&lt;WorkspaceFactory&gt;Shapefile&lt;/WorkspaceFactory&gt;&lt;Dataset&gt;LBI_BB_islands_CRC_draft_20210428_v5_NoGaps&lt;/Dataset&gt;&lt;DatasetType&gt;esriDTFeatureClass&lt;/DatasetType&gt;&lt;/CIMStandardDataConnection&gt;" &lt;operationSequence&gt;&lt;workflow&gt;&lt;AddField&gt;&lt;field_name&gt;Ownership1&lt;/field_name&gt;&lt;field_type&gt;TEXT&lt;/field_type&gt;&lt;field_precision&gt;0&lt;/field_precision&gt;&lt;field_scale&gt;0&lt;/field_scale&gt;&lt;field_length&gt;255&lt;/field_length&gt;&lt;field_is_nullable&gt;False&lt;/field_is_nullable&gt;&lt;field_is_required&gt;False&lt;/field_is_required&gt;&lt;/AddField&gt;&lt;/workflow&gt;&lt;workflow&gt;&lt;AddField&gt;&lt;field_name&gt;Ownership2&lt;/field_name&gt;&lt;field_type&gt;TEXT&lt;/field_type&gt;&lt;field_precision&gt;0&lt;/field_precision&gt;&lt;field_scale&gt;0&lt;/field_scale&gt;&lt;field_length&gt;255&lt;/field_length&gt;&lt;field_is_nullable&gt;False&lt;/field_is_nullable&gt;&lt;field_is_required&gt;False&lt;/field_is_required&gt;&lt;/AddField&gt;&lt;/workflow&gt;&lt;workflow&gt;&lt;AddField&gt;&lt;field_name&gt;Ownership3&lt;/field_name&gt;&lt;field_type&gt;TEXT&lt;/field_type&gt;&lt;field_precision&gt;0&lt;/field_precision&gt;&lt;field_scale&gt;0&lt;/field_scale&gt;&lt;field_length&gt;255&lt;/field_length&gt;&lt;field_is_nullable&gt;False&lt;/field_is_nullable&gt;&lt;field_is_required&gt;False&lt;/field_is_required&gt;&lt;/AddField&gt;&lt;/workflow&gt;&lt;/operationSequence&gt;</Process><Process ToolSource="c:\users\ferencza\appdata\local\programs\arcgis\pro\Resources\ArcToolbox\toolboxes\Data Management Tools.tbx\UpdateSchema" Date="20210429" Time="131849">UpdateSchema "CIMDATA=&lt;CIMStandardDataConnection xsi:type='typens:CIMStandardDataConnection' xmlns:xsi='http://www.w3.org/2001/XMLSchema-instance' xmlns:xs='http://www.w3.org/2001/XMLSchema' xmlns:typens='http://www.esri.com/schemas/ArcGIS/2.5.0'&gt;&lt;WorkspaceConnectionString&gt;DATABASE=C:\Users\ferencza\Documents\Projects\BB_Islands_Workgroup\Forsythe\Data\Barnegat_Bay_Islands_Catalog_Drafts&lt;/WorkspaceConnectionString&gt;&lt;WorkspaceFactory&gt;Shapefile&lt;/WorkspaceFactory&gt;&lt;Dataset&gt;LBI_BB_islands_CRC_draft_20210428_v5_NoGaps&lt;/Dataset&gt;&lt;DatasetType&gt;esriDTFeatureClass&lt;/DatasetType&gt;&lt;/CIMStandardDataConnection&gt;" &lt;operationSequence&gt;&lt;workflow&gt;&lt;AddField&gt;&lt;field_name&gt;t_range_ft&lt;/field_name&gt;&lt;field_type&gt;FLOAT&lt;/field_type&gt;&lt;field_is_nullable&gt;False&lt;/field_is_nullable&gt;&lt;field_is_required&gt;False&lt;/field_is_required&gt;&lt;/AddField&gt;&lt;/workflow&gt;&lt;/operationSequence&gt;</Process><Process ToolSource="c:\users\ferencza\appdata\local\programs\arcgis\pro\Resources\ArcToolbox\toolboxes\Analysis Tools.tbx\Near" Date="20210429" Time="133514">Near "Island Catalog\LBI_BB_islands_CRC_draft_20210428_v5_NoGaps" 'TNC Data Layers\NJDOT/USACE Waterways\NJ_waterways_final' # NO_LOCATION NO_ANGLE Planar</Process><Process ToolSource="c:\users\ferencza\appdata\local\programs\arcgis\pro\Resources\ArcToolbox\toolboxes\Data Management Tools.tbx\UpdateSchema" Date="20210429" Time="133700">UpdateSchema "CIMDATA=&lt;CIMStandardDataConnection xsi:type='typens:CIMStandardDataConnection' xmlns:xsi='http://www.w3.org/2001/XMLSchema-instance' xmlns:xs='http://www.w3.org/2001/XMLSchema' xmlns:typens='http://www.esri.com/schemas/ArcGIS/2.5.0'&gt;&lt;WorkspaceConnectionString&gt;DATABASE=C:\Users\ferencza\Documents\Projects\BB_Islands_Workgroup\Forsythe\Data\Barnegat_Bay_Islands_Catalog_Drafts&lt;/WorkspaceConnectionString&gt;&lt;WorkspaceFactory&gt;Shapefile&lt;/WorkspaceFactory&gt;&lt;Dataset&gt;LBI_BB_islands_CRC_draft_20210428_v5_NoGaps&lt;/Dataset&gt;&lt;DatasetType&gt;esriDTFeatureClass&lt;/DatasetType&gt;&lt;/CIMStandardDataConnection&gt;" &lt;operationSequence&gt;&lt;workflow&gt;&lt;AddField&gt;&lt;field_name&gt;ww_dist&lt;/field_name&gt;&lt;field_type&gt;FLOAT&lt;/field_type&gt;&lt;field_is_nullable&gt;False&lt;/field_is_nullable&gt;&lt;field_is_required&gt;False&lt;/field_is_required&gt;&lt;/AddField&gt;&lt;/workflow&gt;&lt;workflow&gt;&lt;AddField&gt;&lt;field_name&gt;ww_type&lt;/field_name&gt;&lt;field_type&gt;TEXT&lt;/field_type&gt;&lt;field_length&gt;255&lt;/field_length&gt;&lt;field_is_nullable&gt;False&lt;/field_is_nullable&gt;&lt;field_is_required&gt;False&lt;/field_is_required&gt;&lt;/AddField&gt;&lt;/workflow&gt;&lt;/operationSequence&gt;</Process><Process ToolSource="c:\users\ferencza\appdata\local\programs\arcgis\pro\Resources\ArcToolbox\toolboxes\Analysis Tools.tbx\Near" Date="20210429" Time="133751">Near "Island Catalog\LBI_BB_islands_CRC_draft_20210428_v5_NoGaps" 'TNC Data Layers\NJDOT/USACE Waterways\NJ_waterways_final' # NO_LOCATION NO_ANGLE Planar</Process><Process ToolSource="c:\users\ferencza\appdata\local\programs\arcgis\pro\Resources\ArcToolbox\toolboxes\Data Management Tools.tbx\CalculateField" Date="20210429" Time="133837">CalculateField "Island Catalog\LBI_BB_islands_CRC_draft_20210428_v5_NoGaps" ww_type round($feature.NEAR_DIST) ARCADE # Text</Process><Process ToolSource="c:\users\ferencza\appdata\local\programs\arcgis\pro\Resources\ArcToolbox\toolboxes\Data Management Tools.tbx\UpdateSchema" Date="20210429" Time="133956">UpdateSchema "CIMDATA=&lt;CIMStandardDataConnection xsi:type='typens:CIMStandardDataConnection' xmlns:xsi='http://www.w3.org/2001/XMLSchema-instance' xmlns:xs='http://www.w3.org/2001/XMLSchema' xmlns:typens='http://www.esri.com/schemas/ArcGIS/2.5.0'&gt;&lt;WorkspaceConnectionString&gt;DATABASE=C:\Users\ferencza\Documents\Projects\BB_Islands_Workgroup\Forsythe\Data\Barnegat_Bay_Islands_Catalog_Drafts&lt;/WorkspaceConnectionString&gt;&lt;WorkspaceFactory&gt;Shapefile&lt;/WorkspaceFactory&gt;&lt;Dataset&gt;LBI_BB_islands_CRC_draft_20210428_v5_NoGaps&lt;/Dataset&gt;&lt;DatasetType&gt;esriDTFeatureClass&lt;/DatasetType&gt;&lt;/CIMStandardDataConnection&gt;" &lt;operationSequence&gt;&lt;workflow&gt;&lt;DeleteField&gt;&lt;field_name&gt;ww_dist&lt;/field_name&gt;&lt;/DeleteField&gt;&lt;/workflow&gt;&lt;workflow&gt;&lt;AddField&gt;&lt;field_name&gt;ww_dist_mi&lt;/field_name&gt;&lt;field_type&gt;FLOAT&lt;/field_type&gt;&lt;field_is_nullable&gt;False&lt;/field_is_nullable&gt;&lt;field_is_required&gt;False&lt;/field_is_required&gt;&lt;/AddField&gt;&lt;/workflow&gt;&lt;/operationSequence&gt;</Process><Process ToolSource="c:\users\ferencza\appdata\local\programs\arcgis\pro\Resources\ArcToolbox\toolboxes\Data Management Tools.tbx\CalculateField" Date="20210429" Time="134033">CalculateField "Island Catalog\LBI_BB_islands_CRC_draft_20210428_v5_NoGaps" ww_dist_mi !NEAR_DIST!/5280 PYTHON3 # Text</Process><Process ToolSource="c:\users\ferencza\appdata\local\programs\arcgis\pro\Resources\ArcToolbox\toolboxes\Data Management Tools.tbx\CalculateField" Date="20210429" Time="134046">CalculateField "Island Catalog\LBI_BB_islands_CRC_draft_20210428_v5_NoGaps" ww_dist_mi round(!NEAR_DIST!/5280) PYTHON3 # Text</Process><Process ToolSource="c:\users\ferencza\appdata\local\programs\arcgis\pro\Resources\ArcToolbox\toolboxes\Data Management Tools.tbx\CalculateField" Date="20210429" Time="134054">CalculateField "Island Catalog\LBI_BB_islands_CRC_draft_20210428_v5_NoGaps" ww_dist_mi round(!NEAR_DIST!/5280,2) PYTHON3 # Text</Process><Process ToolSource="c:\users\ferencza\appdata\local\programs\arcgis\pro\Resources\ArcToolbox\toolboxes\Data Management Tools.tbx\CalculateField" Date="20210429" Time="134204">CalculateField "Island Catalog\LBI_BB_islands_CRC_draft_20210428_v5_NoGaps" ww_type "Federal ICWW" PYTHON3 # Text</Process><Process ToolSource="c:\users\ferencza\appdata\local\programs\arcgis\pro\Resources\ArcToolbox\toolboxes\Data Management Tools.tbx\CalculateField" Date="20210429" Time="134218">CalculateField "Island Catalog\LBI_BB_islands_CRC_draft_20210428_v5_NoGaps" ww_type "State Channel" PYTHON3 # Text</Process><Process ToolSource="c:\users\ferencza\appdata\local\programs\arcgis\pro\Resources\ArcToolbox\toolboxes\Data Management Tools.tbx\DeleteField" Date="20210429" Time="134733">DeleteField "Island Catalog\LBI_BB_islands_CRC_draft_20210428_v5_NoGaps" NEAR_FID</Process><Process ToolSource="c:\users\ferencza\appdata\local\programs\arcgis\pro\Resources\ArcToolbox\toolboxes\Data Management Tools.tbx\DeleteField" Date="20210429" Time="134737">DeleteField "Island Catalog\LBI_BB_islands_CRC_draft_20210428_v5_NoGaps" NEAR_DIST</Process><Process ToolSource="c:\users\ferencza\appdata\local\programs\arcgis\pro\Resources\ArcToolbox\toolboxes\Data Management Tools.tbx\UpdateSchema" Date="20210430" Time="091225">UpdateSchema "CIMDATA=&lt;CIMStandardDataConnection xsi:type='typens:CIMStandardDataConnection' xmlns:xsi='http://www.w3.org/2001/XMLSchema-instance' xmlns:xs='http://www.w3.org/2001/XMLSchema' xmlns:typens='http://www.esri.com/schemas/ArcGIS/2.5.0'&gt;&lt;WorkspaceConnectionString&gt;DATABASE=C:\Users\ferencza\Documents\Projects\BB_Islands_Workgroup\Forsythe\Data\Barnegat_Bay_Islands_Catalog_Drafts&lt;/WorkspaceConnectionString&gt;&lt;WorkspaceFactory&gt;Shapefile&lt;/WorkspaceFactory&gt;&lt;Dataset&gt;LBI_BB_islands_CRC_draft_20210428_v5_NoGaps&lt;/Dataset&gt;&lt;DatasetType&gt;esriDTFeatureClass&lt;/DatasetType&gt;&lt;/CIMStandardDataConnection&gt;" &lt;operationSequence&gt;&lt;workflow&gt;&lt;AddField&gt;&lt;field_name&gt;mhw_above&lt;/field_name&gt;&lt;field_type&gt;FLOAT&lt;/field_type&gt;&lt;field_is_nullable&gt;False&lt;/field_is_nullable&gt;&lt;field_is_required&gt;False&lt;/field_is_required&gt;&lt;/AddField&gt;&lt;/workflow&gt;&lt;/operationSequence&gt;</Process><Process ToolSource="c:\users\ferencza\appdata\local\programs\arcgis\pro\Resources\ArcToolbox\toolboxes\Data Management Tools.tbx\UpdateSchema" Date="20210430" Time="105630">UpdateSchema "CIMDATA=&lt;CIMStandardDataConnection xsi:type='typens:CIMStandardDataConnection' xmlns:xsi='http://www.w3.org/2001/XMLSchema-instance' xmlns:xs='http://www.w3.org/2001/XMLSchema' xmlns:typens='http://www.esri.com/schemas/ArcGIS/2.5.0'&gt;&lt;WorkspaceConnectionString&gt;DATABASE=C:\Users\ferencza\Documents\Projects\BB_Islands_Workgroup\Forsythe\Data\Barnegat_Bay_Islands_Catalog_Drafts&lt;/WorkspaceConnectionString&gt;&lt;WorkspaceFactory&gt;Shapefile&lt;/WorkspaceFactory&gt;&lt;Dataset&gt;LBI_BB_islands_CRC_draft_20210428_v5_NoGaps&lt;/Dataset&gt;&lt;DatasetType&gt;esriDTFeatureClass&lt;/DatasetType&gt;&lt;/CIMStandardDataConnection&gt;" &lt;operationSequence&gt;&lt;workflow&gt;&lt;AddField&gt;&lt;field_name&gt;prcnt_mhw&lt;/field_name&gt;&lt;field_type&gt;FLOAT&lt;/field_type&gt;&lt;field_is_nullable&gt;False&lt;/field_is_nullable&gt;&lt;field_is_required&gt;False&lt;/field_is_required&gt;&lt;/AddField&gt;&lt;/workflow&gt;&lt;/operationSequence&gt;</Process><Process ToolSource="c:\users\ferencza\appdata\local\programs\arcgis\pro\Resources\ArcToolbox\toolboxes\Data Management Tools.tbx\CalculateField" Date="20210430" Time="105711">CalculateField "Island Catalog\LBI_BB_islands_CRC_draft_20210428_v5_NoGaps" prcnt_mhw !mhw_above!/!ACRES! PYTHON3 # Text</Process><Process ToolSource="c:\users\ferencza\appdata\local\programs\arcgis\pro\Resources\ArcToolbox\toolboxes\Data Management Tools.tbx\CalculateField" Date="20210430" Time="105721">CalculateField "Island Catalog\LBI_BB_islands_CRC_draft_20210428_v5_NoGaps" prcnt_mhw !mhw_above!/!ACRES!*100 PYTHON3 # Text</Process><Process ToolSource="c:\users\ferencza\appdata\local\programs\arcgis\pro\Resources\ArcToolbox\toolboxes\Data Management Tools.tbx\CalculateField" Date="20210430" Time="105741">CalculateField "Island Catalog\LBI_BB_islands_CRC_draft_20210428_v5_NoGaps" prcnt_mhw round(!mhw_above!/!ACRES!*100,2) PYTHON3 # Text</Process><Process ToolSource="c:\users\ferencza\appdata\local\programs\arcgis\pro\Resources\ArcToolbox\toolboxes\Data Management Tools.tbx\CalculateField" Date="20210430" Time="105749">CalculateField "Island Catalog\LBI_BB_islands_CRC_draft_20210428_v5_NoGaps" prcnt_mhw round(!mhw_above!/!ACRES!*100,1) PYTHON3 # Text</Process><Process ToolSource="c:\users\ferencza\appdata\local\programs\arcgis\pro\Resources\ArcToolbox\toolboxes\Data Management Tools.tbx\UpdateSchema" Date="20210430" Time="111131">UpdateSchema "CIMDATA=&lt;CIMStandardDataConnection xsi:type='typens:CIMStandardDataConnection' xmlns:xsi='http://www.w3.org/2001/XMLSchema-instance' xmlns:xs='http://www.w3.org/2001/XMLSchema' xmlns:typens='http://www.esri.com/schemas/ArcGIS/2.5.0'&gt;&lt;WorkspaceConnectionString&gt;DATABASE=C:\Users\ferencza\Documents\Projects\BB_Islands_Workgroup\Forsythe\Data\Barnegat_Bay_Islands_Catalog_Drafts&lt;/WorkspaceConnectionString&gt;&lt;WorkspaceFactory&gt;Shapefile&lt;/WorkspaceFactory&gt;&lt;Dataset&gt;LBI_BB_islands_CRC_draft_20210428_v5_NoGaps&lt;/Dataset&gt;&lt;DatasetType&gt;esriDTFeatureClass&lt;/DatasetType&gt;&lt;/CIMStandardDataConnection&gt;" &lt;operationSequence&gt;&lt;workflow&gt;&lt;AddField&gt;&lt;field_name&gt;tmc_hm_acr&lt;/field_name&gt;&lt;field_type&gt;FLOAT&lt;/field_type&gt;&lt;field_is_nullable&gt;False&lt;/field_is_nullable&gt;&lt;field_is_required&gt;False&lt;/field_is_required&gt;&lt;/AddField&gt;&lt;/workflow&gt;&lt;workflow&gt;&lt;AddField&gt;&lt;field_name&gt;tmc_hm_pct&lt;/field_name&gt;&lt;field_type&gt;FLOAT&lt;/field_type&gt;&lt;field_is_nullable&gt;False&lt;/field_is_nullable&gt;&lt;field_is_required&gt;False&lt;/field_is_required&gt;&lt;/AddField&gt;&lt;/workflow&gt;&lt;/operationSequence&gt;</Process><Process ToolSource="c:\users\ferencza\appdata\local\programs\arcgis\pro\Resources\ArcToolbox\toolboxes\Data Management Tools.tbx\UpdateSchema" Date="20210430" Time="112026">UpdateSchema "CIMDATA=&lt;CIMStandardDataConnection xsi:type='typens:CIMStandardDataConnection' xmlns:xsi='http://www.w3.org/2001/XMLSchema-instance' xmlns:xs='http://www.w3.org/2001/XMLSchema' xmlns:typens='http://www.esri.com/schemas/ArcGIS/2.5.0'&gt;&lt;WorkspaceConnectionString&gt;DATABASE=C:\Users\ferencza\Documents\Projects\BB_Islands_Workgroup\Forsythe\Data\Barnegat_Bay_Islands_Catalog_Drafts&lt;/WorkspaceConnectionString&gt;&lt;WorkspaceFactory&gt;Shapefile&lt;/WorkspaceFactory&gt;&lt;Dataset&gt;LBI_BB_islands_CRC_draft_20210428_v5_NoGaps&lt;/Dataset&gt;&lt;DatasetType&gt;esriDTFeatureClass&lt;/DatasetType&gt;&lt;/CIMStandardDataConnection&gt;" &lt;operationSequence&gt;&lt;workflow&gt;&lt;AddField&gt;&lt;field_name&gt;tmc_lm_acr&lt;/field_name&gt;&lt;field_type&gt;FLOAT&lt;/field_type&gt;&lt;field_precision&gt;0&lt;/field_precision&gt;&lt;field_scale&gt;0&lt;/field_scale&gt;&lt;field_is_nullable&gt;False&lt;/field_is_nullable&gt;&lt;field_is_required&gt;False&lt;/field_is_required&gt;&lt;/AddField&gt;&lt;/workflow&gt;&lt;workflow&gt;&lt;AddField&gt;&lt;field_name&gt;tmc_lm_pct&lt;/field_name&gt;&lt;field_type&gt;FLOAT&lt;/field_type&gt;&lt;field_precision&gt;0&lt;/field_precision&gt;&lt;field_scale&gt;0&lt;/field_scale&gt;&lt;field_is_nullable&gt;False&lt;/field_is_nullable&gt;&lt;field_is_required&gt;False&lt;/field_is_required&gt;&lt;/AddField&gt;&lt;/workflow&gt;&lt;workflow&gt;&lt;AddField&gt;&lt;field_name&gt;tmc_mf_acr&lt;/field_name&gt;&lt;field_type&gt;FLOAT&lt;/field_type&gt;&lt;field_precision&gt;0&lt;/field_precision&gt;&lt;field_scale&gt;0&lt;/field_scale&gt;&lt;field_is_nullable&gt;False&lt;/field_is_nullable&gt;&lt;field_is_required&gt;False&lt;/field_is_required&gt;&lt;/AddField&gt;&lt;/workflow&gt;&lt;workflow&gt;&lt;AddField&gt;&lt;field_name&gt;tmc_mf_pct&lt;/field_name&gt;&lt;field_type&gt;FLOAT&lt;/field_type&gt;&lt;field_precision&gt;0&lt;/field_precision&gt;&lt;field_scale&gt;0&lt;/field_scale&gt;&lt;field_is_nullable&gt;False&lt;/field_is_nullable&gt;&lt;field_is_required&gt;False&lt;/field_is_required&gt;&lt;/AddField&gt;&lt;/workflow&gt;&lt;workflow&gt;&lt;AddField&gt;&lt;field_name&gt;tmc_pp_acr&lt;/field_name&gt;&lt;field_type&gt;FLOAT&lt;/field_type&gt;&lt;field_precision&gt;0&lt;/field_precision&gt;&lt;field_scale&gt;0&lt;/field_scale&gt;&lt;field_is_nullable&gt;False&lt;/field_is_nullable&gt;&lt;field_is_required&gt;False&lt;/field_is_required&gt;&lt;/AddField&gt;&lt;/workflow&gt;&lt;workflow&gt;&lt;AddField&gt;&lt;field_name&gt;tmc_pp_pct&lt;/field_name&gt;&lt;field_type&gt;FLOAT&lt;/field_type&gt;&lt;field_precision&gt;0&lt;/field_precision&gt;&lt;field_scale&gt;0&lt;/field_scale&gt;&lt;field_is_nullable&gt;False&lt;/field_is_nullable&gt;&lt;field_is_required&gt;False&lt;/field_is_required&gt;&lt;/AddField&gt;&lt;/workflow&gt;&lt;workflow&gt;&lt;AddField&gt;&lt;field_name&gt;tmc_ph_acr&lt;/field_name&gt;&lt;field_type&gt;FLOAT&lt;/field_type&gt;&lt;field_precision&gt;0&lt;/field_precision&gt;&lt;field_scale&gt;0&lt;/field_scale&gt;&lt;field_is_nullable&gt;False&lt;/field_is_nullable&gt;&lt;field_is_required&gt;False&lt;/field_is_required&gt;&lt;/AddField&gt;&lt;/workflow&gt;&lt;workflow&gt;&lt;AddField&gt;&lt;field_name&gt;tmc_ph_pct&lt;/field_name&gt;&lt;field_type&gt;FLOAT&lt;/field_type&gt;&lt;field_precision&gt;0&lt;/field_precision&gt;&lt;field_scale&gt;0&lt;/field_scale&gt;&lt;field_is_nullable&gt;False&lt;/field_is_nullable&gt;&lt;field_is_required&gt;False&lt;/field_is_required&gt;&lt;/AddField&gt;&lt;/workflow&gt;&lt;workflow&gt;&lt;AddField&gt;&lt;field_name&gt;tmc_tb_acr&lt;/field_name&gt;&lt;field_type&gt;FLOAT&lt;/field_type&gt;&lt;field_precision&gt;0&lt;/field_precision&gt;&lt;field_scale&gt;0&lt;/field_scale&gt;&lt;field_is_nullable&gt;False&lt;/field_is_nullable&gt;&lt;field_is_required&gt;False&lt;/field_is_required&gt;&lt;/AddField&gt;&lt;/workflow&gt;&lt;workflow&gt;&lt;AddField&gt;&lt;field_name&gt;tmc_tb_pct&lt;/field_name&gt;&lt;field_type&gt;FLOAT&lt;/field_type&gt;&lt;field_precision&gt;0&lt;/field_precision&gt;&lt;field_scale&gt;0&lt;/field_scale&gt;&lt;field_is_nullable&gt;False&lt;/field_is_nullable&gt;&lt;field_is_required&gt;False&lt;/field_is_required&gt;&lt;/AddField&gt;&lt;/workflow&gt;&lt;workflow&gt;&lt;AddField&gt;&lt;field_name&gt;tmc_up_acr&lt;/field_name&gt;&lt;field_type&gt;FLOAT&lt;/field_type&gt;&lt;field_is_nullable&gt;False&lt;/field_is_nullable&gt;&lt;field_is_required&gt;False&lt;/field_is_required&gt;&lt;/AddField&gt;&lt;/workflow&gt;&lt;workflow&gt;&lt;AddField&gt;&lt;field_name&gt;tmc_up_pct&lt;/field_name&gt;&lt;field_type&gt;LONG&lt;/field_type&gt;&lt;field_is_nullable&gt;False&lt;/field_is_nullable&gt;&lt;field_is_required&gt;False&lt;/field_is_required&gt;&lt;/AddField&gt;&lt;/workflow&gt;&lt;/operationSequence&gt;</Process><Process ToolSource="c:\users\ferencza\appdata\local\programs\arcgis\pro\Resources\ArcToolbox\toolboxes\Data Management Tools.tbx\CalculateField" Date="20210430" Time="114039">CalculateField "Island Catalog\LBI_BB_islands_CRC_draft_20210428_v5_NoGaps" tmc_hm_pct round(($feature.tmc_hm_acr/$feature.ACRES)*100) ARCADE # Text</Process><Process ToolSource="c:\users\ferencza\appdata\local\programs\arcgis\pro\Resources\ArcToolbox\toolboxes\Data Management Tools.tbx\CalculateField" Date="20210430" Time="114056">CalculateField "Island Catalog\LBI_BB_islands_CRC_draft_20210428_v5_NoGaps" tmc_hm_pct round(($feature.tmc_hm_acr/$feature.ACRES)*100,1) ARCADE # Text</Process><Process ToolSource="c:\users\ferencza\appdata\local\programs\arcgis\pro\Resources\ArcToolbox\toolboxes\Data Management Tools.tbx\CalculateField" Date="20210430" Time="114323">CalculateField "Island Catalog\LBI_BB_islands_CRC_draft_20210428_v5_NoGaps" tmc_lm_pct round(($feature.tmc_lm_acr/$feature.ACRES)*100,1) ARCADE # Text</Process><Process ToolSource="c:\users\ferencza\appdata\local\programs\arcgis\pro\Resources\ArcToolbox\toolboxes\Data Management Tools.tbx\CalculateField" Date="20210430" Time="114351">CalculateField "Island Catalog\LBI_BB_islands_CRC_draft_20210428_v5_NoGaps" tmc_mf_pct round(($feature.tmc_mf_acr/$feature.ACRES)*100,1) ARCADE # Text</Process><Process ToolSource="c:\users\ferencza\appdata\local\programs\arcgis\pro\Resources\ArcToolbox\toolboxes\Data Management Tools.tbx\CalculateField" Date="20210430" Time="114409">CalculateField "Island Catalog\LBI_BB_islands_CRC_draft_20210428_v5_NoGaps" tmc_pp_pct round(($feature.tmc_pp_acr/$feature.ACRES)*100,1) ARCADE # Text</Process><Process ToolSource="c:\users\ferencza\appdata\local\programs\arcgis\pro\Resources\ArcToolbox\toolboxes\Data Management Tools.tbx\CalculateField" Date="20210430" Time="114427">CalculateField "Island Catalog\LBI_BB_islands_CRC_draft_20210428_v5_NoGaps" tmc_ph_pct round(($feature.tmc_ph_acr/$feature.ACRES)*100,1) ARCADE # Text</Process><Process ToolSource="c:\users\ferencza\appdata\local\programs\arcgis\pro\Resources\ArcToolbox\toolboxes\Data Management Tools.tbx\CalculateField" Date="20210430" Time="114438">CalculateField "Island Catalog\LBI_BB_islands_CRC_draft_20210428_v5_NoGaps" tmc_tb_pct round(($feature.tmc_tb_acr/$feature.ACRES)*100,1) ARCADE # Text</Process><Process ToolSource="c:\users\ferencza\appdata\local\programs\arcgis\pro\Resources\ArcToolbox\toolboxes\Data Management Tools.tbx\CalculateField" Date="20210430" Time="114451">CalculateField "Island Catalog\LBI_BB_islands_CRC_draft_20210428_v5_NoGaps" tmc_up_pct round(($feature.tmc_up_acr/$feature.ACRES)*100,1) ARCADE # Text</Process><Process ToolSource="c:\users\ferencza\appdata\local\programs\arcgis\pro\Resources\ArcToolbox\toolboxes\Data Management Tools.tbx\UpdateSchema" Date="20210430" Time="114532">UpdateSchema "CIMDATA=&lt;CIMStandardDataConnection xsi:type='typens:CIMStandardDataConnection' xmlns:xsi='http://www.w3.org/2001/XMLSchema-instance' xmlns:xs='http://www.w3.org/2001/XMLSchema' xmlns:typens='http://www.esri.com/schemas/ArcGIS/2.5.0'&gt;&lt;WorkspaceConnectionString&gt;DATABASE=C:\Users\ferencza\Documents\Projects\BB_Islands_Workgroup\Forsythe\Data\Barnegat_Bay_Islands_Catalog_Drafts&lt;/WorkspaceConnectionString&gt;&lt;WorkspaceFactory&gt;Shapefile&lt;/WorkspaceFactory&gt;&lt;Dataset&gt;LBI_BB_islands_CRC_draft_20210428_v5_NoGaps&lt;/Dataset&gt;&lt;DatasetType&gt;esriDTFeatureClass&lt;/DatasetType&gt;&lt;/CIMStandardDataConnection&gt;" &lt;operationSequence&gt;&lt;workflow&gt;&lt;DeleteField&gt;&lt;field_name&gt;tmc_up_pct&lt;/field_name&gt;&lt;/DeleteField&gt;&lt;/workflow&gt;&lt;workflow&gt;&lt;AddField&gt;&lt;field_name&gt;tmc_up_pct&lt;/field_name&gt;&lt;field_type&gt;FLOAT&lt;/field_type&gt;&lt;field_is_nullable&gt;False&lt;/field_is_nullable&gt;&lt;field_is_required&gt;False&lt;/field_is_required&gt;&lt;/AddField&gt;&lt;/workflow&gt;&lt;/operationSequence&gt;</Process><Process ToolSource="c:\users\ferencza\appdata\local\programs\arcgis\pro\Resources\ArcToolbox\toolboxes\Data Management Tools.tbx\CalculateField" Date="20210430" Time="114540">CalculateField "Island Catalog\LBI_BB_islands_CRC_draft_20210428_v5_NoGaps" tmc_up_pct round(($feature.tmc_up_acr/$feature.ACRES)*100,1) ARCADE # Text</Process><Process ToolSource="c:\users\ferencza\appdata\local\programs\arcgis\pro\Resources\ArcToolbox\toolboxes\Data Management Tools.tbx\UpdateSchema" Date="20210430" Time="114946">UpdateSchema "CIMDATA=&lt;CIMStandardDataConnection xsi:type='typens:CIMStandardDataConnection' xmlns:xsi='http://www.w3.org/2001/XMLSchema-instance' xmlns:xs='http://www.w3.org/2001/XMLSchema' xmlns:typens='http://www.esri.com/schemas/ArcGIS/2.5.0'&gt;&lt;WorkspaceConnectionString&gt;DATABASE=C:\Users\ferencza\Documents\Projects\BB_Islands_Workgroup\Forsythe\Data\Barnegat_Bay_Islands_Catalog_Drafts&lt;/WorkspaceConnectionString&gt;&lt;WorkspaceFactory&gt;Shapefile&lt;/WorkspaceFactory&gt;&lt;Dataset&gt;LBI_BB_islands_CRC_draft_20210428_v5_NoGaps&lt;/Dataset&gt;&lt;DatasetType&gt;esriDTFeatureClass&lt;/DatasetType&gt;&lt;/CIMStandardDataConnection&gt;" &lt;operationSequence&gt;&lt;workflow&gt;&lt;AddField&gt;&lt;field_name&gt;test&lt;/field_name&gt;&lt;field_type&gt;FLOAT&lt;/field_type&gt;&lt;field_is_nullable&gt;False&lt;/field_is_nullable&gt;&lt;field_is_required&gt;False&lt;/field_is_required&gt;&lt;/AddField&gt;&lt;/workflow&gt;&lt;/operationSequence&gt;</Process><Process ToolSource="c:\users\ferencza\appdata\local\programs\arcgis\pro\Resources\ArcToolbox\toolboxes\Data Management Tools.tbx\CalculateField" Date="20210430" Time="115044">CalculateField "Island Catalog\LBI_BB_islands_CRC_draft_20210428_v5_NoGaps" test !tmc_up_pct!+!tmc_tb_pct!+!tmc_ph_pct!+!tmc_pp_pct!+!tmc_mf_pct!+!tmc_lm_pct!+!tmc_hm_pct! PYTHON3 # Text</Process><Process ToolSource="c:\users\ferencza\appdata\local\programs\arcgis\pro\Resources\ArcToolbox\toolboxes\Data Management Tools.tbx\UpdateSchema" Date="20210430" Time="115152">UpdateSchema "CIMDATA=&lt;CIMStandardDataConnection xsi:type='typens:CIMStandardDataConnection' xmlns:xsi='http://www.w3.org/2001/XMLSchema-instance' xmlns:xs='http://www.w3.org/2001/XMLSchema' xmlns:typens='http://www.esri.com/schemas/ArcGIS/2.5.0'&gt;&lt;WorkspaceConnectionString&gt;DATABASE=C:\Users\ferencza\Documents\Projects\BB_Islands_Workgroup\Forsythe\Data\Barnegat_Bay_Islands_Catalog_Drafts&lt;/WorkspaceConnectionString&gt;&lt;WorkspaceFactory&gt;Shapefile&lt;/WorkspaceFactory&gt;&lt;Dataset&gt;LBI_BB_islands_CRC_draft_20210428_v5_NoGaps&lt;/Dataset&gt;&lt;DatasetType&gt;esriDTFeatureClass&lt;/DatasetType&gt;&lt;/CIMStandardDataConnection&gt;" &lt;operationSequence&gt;&lt;workflow&gt;&lt;AddField&gt;&lt;field_name&gt;tmc_ow_acr&lt;/field_name&gt;&lt;field_type&gt;FLOAT&lt;/field_type&gt;&lt;field_is_nullable&gt;False&lt;/field_is_nullable&gt;&lt;field_is_required&gt;False&lt;/field_is_required&gt;&lt;/AddField&gt;&lt;/workflow&gt;&lt;workflow&gt;&lt;AddField&gt;&lt;field_name&gt;tmc_ow_pct&lt;/field_name&gt;&lt;field_type&gt;FLOAT&lt;/field_type&gt;&lt;field_is_nullable&gt;False&lt;/field_is_nullable&gt;&lt;field_is_required&gt;False&lt;/field_is_required&gt;&lt;/AddField&gt;&lt;/workflow&gt;&lt;/operationSequence&gt;</Process><Process ToolSource="c:\users\ferencza\appdata\local\programs\arcgis\pro\Resources\ArcToolbox\toolboxes\Data Management Tools.tbx\CalculateField" Date="20210430" Time="115421">CalculateField "Island Catalog\LBI_BB_islands_CRC_draft_20210428_v5_NoGaps" tmc_tb_pct round(($feature.tmc_tb_acr/$feature.ACRES)*100,2) ARCADE # Text</Process><Process ToolSource="c:\users\ferencza\appdata\local\programs\arcgis\pro\Resources\ArcToolbox\toolboxes\Data Management Tools.tbx\CalculateField" Date="20210430" Time="115433">CalculateField "Island Catalog\LBI_BB_islands_CRC_draft_20210428_v5_NoGaps" tmc_tb_pct round(($feature.tmc_tb_acr/$feature.ACRES)*100,1) ARCADE # Text</Process><Process ToolSource="c:\users\ferencza\appdata\local\programs\arcgis\pro\Resources\ArcToolbox\toolboxes\Data Management Tools.tbx\CalculateField" Date="20210430" Time="115446">CalculateField "Island Catalog\LBI_BB_islands_CRC_draft_20210428_v5_NoGaps" tmc_ow_pct round(($feature.tmc_ow_acr/$feature.ACRES)*100,1) ARCADE # Text</Process><Process ToolSource="c:\users\ferencza\appdata\local\programs\arcgis\pro\Resources\ArcToolbox\toolboxes\Data Management Tools.tbx\CalculateField" Date="20210430" Time="115521">CalculateField "Island Catalog\LBI_BB_islands_CRC_draft_20210428_v5_NoGaps" test !tmc_up_pct!+!tmc_tb_pct!+!tmc_ph_pct!+!tmc_pp_pct!+!tmc_mf_pct!+!tmc_lm_pct!+!tmc_hm_pct!+!tmc_ow_pct! PYTHON3 # Text</Process><Process ToolSource="c:\users\ferencza\appdata\local\programs\arcgis\pro\Resources\ArcToolbox\toolboxes\Data Management Tools.tbx\DeleteField" Date="20210430" Time="115543">DeleteField "Island Catalog\LBI_BB_islands_CRC_draft_20210428_v5_NoGaps" test</Process><Process ToolSource="c:\users\ferencza\appdata\local\programs\arcgis\pro\Resources\ArcToolbox\toolboxes\Data Management Tools.tbx\UpdateSchema" Date="20210501" Time="174121">UpdateSchema "CIMDATA=&lt;CIMStandardDataConnection xsi:type='typens:CIMStandardDataConnection' xmlns:xsi='http://www.w3.org/2001/XMLSchema-instance' xmlns:xs='http://www.w3.org/2001/XMLSchema' xmlns:typens='http://www.esri.com/schemas/ArcGIS/2.5.0'&gt;&lt;WorkspaceConnectionString&gt;DATABASE=C:\Users\ferencza\Documents\Projects\BB_Islands_Workgroup\Forsythe\Data\Barnegat_Bay_Islands_Catalog_Drafts&lt;/WorkspaceConnectionString&gt;&lt;WorkspaceFactory&gt;Shapefile&lt;/WorkspaceFactory&gt;&lt;Dataset&gt;LBI_BB_islands_CRC_draft_20210428_v5_NoGaps&lt;/Dataset&gt;&lt;DatasetType&gt;esriDTFeatureClass&lt;/DatasetType&gt;&lt;/CIMStandardDataConnection&gt;" &lt;operationSequence&gt;&lt;workflow&gt;&lt;AddField&gt;&lt;field_name&gt;sav_summry&lt;/field_name&gt;&lt;field_type&gt;FLOAT&lt;/field_type&gt;&lt;field_is_nullable&gt;False&lt;/field_is_nullable&gt;&lt;field_is_required&gt;False&lt;/field_is_required&gt;&lt;/AddField&gt;&lt;/workflow&gt;&lt;workflow&gt;&lt;AddField&gt;&lt;field_name&gt;sav_sum_yr&lt;/field_name&gt;&lt;field_type&gt;TEXT&lt;/field_type&gt;&lt;field_length&gt;255&lt;/field_length&gt;&lt;field_is_nullable&gt;False&lt;/field_is_nullable&gt;&lt;field_is_required&gt;False&lt;/field_is_required&gt;&lt;/AddField&gt;&lt;/workflow&gt;&lt;workflow&gt;&lt;AddField&gt;&lt;field_name&gt;sav_68&lt;/field_name&gt;&lt;field_type&gt;FLOAT&lt;/field_type&gt;&lt;field_is_nullable&gt;False&lt;/field_is_nullable&gt;&lt;field_is_required&gt;False&lt;/field_is_required&gt;&lt;/AddField&gt;&lt;/workflow&gt;&lt;workflow&gt;&lt;AddField&gt;&lt;field_name&gt;sav_79&lt;/field_name&gt;&lt;field_type&gt;FLOAT&lt;/field_type&gt;&lt;field_precision&gt;0&lt;/field_precision&gt;&lt;field_scale&gt;0&lt;/field_scale&gt;&lt;field_is_nullable&gt;False&lt;/field_is_nullable&gt;&lt;field_is_required&gt;False&lt;/field_is_required&gt;&lt;/AddField&gt;&lt;/workflow&gt;&lt;workflow&gt;&lt;AddField&gt;&lt;field_name&gt;sav_96_99&lt;/field_name&gt;&lt;field_type&gt;FLOAT&lt;/field_type&gt;&lt;field_precision&gt;0&lt;/field_precision&gt;&lt;field_scale&gt;0&lt;/field_scale&gt;&lt;field_is_nullable&gt;False&lt;/field_is_nullable&gt;&lt;field_is_required&gt;False&lt;/field_is_required&gt;&lt;/AddField&gt;&lt;/workflow&gt;&lt;workflow&gt;&lt;AddField&gt;&lt;field_name&gt;sav_85_87&lt;/field_name&gt;&lt;field_type&gt;FLOAT&lt;/field_type&gt;&lt;field_precision&gt;0&lt;/field_precision&gt;&lt;field_scale&gt;0&lt;/field_scale&gt;&lt;field_is_nullable&gt;False&lt;/field_is_nullable&gt;&lt;field_is_required&gt;False&lt;/field_is_required&gt;&lt;/AddField&gt;&lt;/workflow&gt;&lt;workflow&gt;&lt;AddField&gt;&lt;field_name&gt;sav_2003&lt;/field_name&gt;&lt;field_type&gt;FLOAT&lt;/field_type&gt;&lt;field_precision&gt;0&lt;/field_precision&gt;&lt;field_scale&gt;0&lt;/field_scale&gt;&lt;field_is_nullable&gt;False&lt;/field_is_nullable&gt;&lt;field_is_required&gt;False&lt;/field_is_required&gt;&lt;/AddField&gt;&lt;/workflow&gt;&lt;workflow&gt;&lt;AddField&gt;&lt;field_name&gt;sav_2009&lt;/field_name&gt;&lt;field_type&gt;FLOAT&lt;/field_type&gt;&lt;field_precision&gt;0&lt;/field_precision&gt;&lt;field_scale&gt;0&lt;/field_scale&gt;&lt;field_is_nullable&gt;False&lt;/field_is_nullable&gt;&lt;field_is_required&gt;False&lt;/field_is_required&gt;&lt;/AddField&gt;&lt;/workflow&gt;&lt;/operationSequence&gt;</Process><Process ToolSource="c:\users\ferencza\appdata\local\programs\arcgis\pro\Resources\ArcToolbox\toolboxes\Data Management Tools.tbx\CalculateField" Date="20210501" Time="175714">CalculateField "Island Catalog\LBI_BB_islands_CRC_draft_20210428_v5_NoGaps" sav_summry "All mapped years" "Python 3" # Text</Process><Process ToolSource="c:\users\ferencza\appdata\local\programs\arcgis\pro\Resources\ArcToolbox\toolboxes\Data Management Tools.tbx\CalculateField" Date="20210501" Time="175725">CalculateField "Island Catalog\LBI_BB_islands_CRC_draft_20210428_v5_NoGaps" sav_sum_yr "All mapped years" "Python 3" # Text</Process><Process ToolSource="c:\users\ferencza\appdata\local\programs\arcgis\pro\Resources\ArcToolbox\toolboxes\Data Management Tools.tbx\UpdateSchema" Date="20210514" Time="142707">UpdateSchema "CIMDATA=&lt;CIMStandardDataConnection xsi:type='typens:CIMStandardDataConnection' xmlns:xsi='http://www.w3.org/2001/XMLSchema-instance' xmlns:xs='http://www.w3.org/2001/XMLSchema' xmlns:typens='http://www.esri.com/schemas/ArcGIS/2.5.0'&gt;&lt;WorkspaceConnectionString&gt;DATABASE=C:\Users\ferencza\Documents\Projects\BB_Islands_Workgroup\Forsythe\Data\Barnegat_Bay_Islands_Catalog_Drafts&lt;/WorkspaceConnectionString&gt;&lt;WorkspaceFactory&gt;Shapefile&lt;/WorkspaceFactory&gt;&lt;Dataset&gt;LBI_BB_islands_CRC_draft_20210428_v5_NoGaps&lt;/Dataset&gt;&lt;DatasetType&gt;esriDTFeatureClass&lt;/DatasetType&gt;&lt;/CIMStandardDataConnection&gt;" &lt;operationSequence&gt;&lt;workflow&gt;&lt;AddField&gt;&lt;field_name&gt;bird_util&lt;/field_name&gt;&lt;field_type&gt;TEXT&lt;/field_type&gt;&lt;field_length&gt;255&lt;/field_length&gt;&lt;field_is_nullable&gt;False&lt;/field_is_nullable&gt;&lt;field_is_required&gt;False&lt;/field_is_required&gt;&lt;/AddField&gt;&lt;/workflow&gt;&lt;/operationSequence&gt;</Process><Process ToolSource="c:\program files (x86)\arcgis\desktop10.8\ArcToolbox\Toolboxes\Data Management Tools.tbx\CalculateField" Date="20210516" Time="101819">CalculateField LBI_BB_islands_CRC_draft_20210428_v5_NoGaps mid_tram 81.11 VB #</Process><Process ToolSource="c:\users\ferencza\appdata\local\programs\arcgis\pro\Resources\ArcToolbox\toolboxes\Data Management Tools.tbx\UpdateSchema" Date="20210516" Time="105722">UpdateSchema "CIMDATA=&lt;CIMStandardDataConnection xsi:type='typens:CIMStandardDataConnection' xmlns:xsi='http://www.w3.org/2001/XMLSchema-instance' xmlns:xs='http://www.w3.org/2001/XMLSchema' xmlns:typens='http://www.esri.com/schemas/ArcGIS/2.5.0'&gt;&lt;WorkspaceConnectionString&gt;DATABASE=C:\Users\ferencza\Documents\Projects\BB_Islands_Workgroup\Forsythe\Data\Barnegat_Bay_Islands_Catalog_Drafts&lt;/WorkspaceConnectionString&gt;&lt;WorkspaceFactory&gt;Shapefile&lt;/WorkspaceFactory&gt;&lt;Dataset&gt;LBI_BB_islands_CRC_draft_20210428_v5_NoGaps&lt;/Dataset&gt;&lt;DatasetType&gt;esriDTFeatureClass&lt;/DatasetType&gt;&lt;/CIMStandardDataConnection&gt;" &lt;operationSequence&gt;&lt;workflow&gt;&lt;AddField&gt;&lt;field_name&gt;sc_avg_ft&lt;/field_name&gt;&lt;field_type&gt;FLOAT&lt;/field_type&gt;&lt;field_is_nullable&gt;False&lt;/field_is_nullable&gt;&lt;field_is_required&gt;False&lt;/field_is_required&gt;&lt;/AddField&gt;&lt;/workflow&gt;&lt;/operationSequence&gt;</Process><Process ToolSource="c:\users\ferencza\appdata\local\programs\arcgis\pro\Resources\ArcToolbox\toolboxes\Data Management Tools.tbx\CalculateField" Date="20210516" Time="123028">CalculateField "Island Catalog\LBI_BB_islands_CRC_draft_20210428_v5_NoGaps" sc_avg_ft -99999 PYTHON3 # Text</Process><Process ToolSource="c:\users\ferencza\appdata\local\programs\arcgis\pro\Resources\ArcToolbox\toolboxes\Data Management Tools.tbx\UpdateSchema" Date="20210516" Time="123456">UpdateSchema "CIMDATA=&lt;CIMStandardDataConnection xsi:type='typens:CIMStandardDataConnection' xmlns:xsi='http://www.w3.org/2001/XMLSchema-instance' xmlns:xs='http://www.w3.org/2001/XMLSchema' xmlns:typens='http://www.esri.com/schemas/ArcGIS/2.5.0'&gt;&lt;WorkspaceConnectionString&gt;DATABASE=C:\Users\ferencza\Documents\Projects\BB_Islands_Workgroup\Forsythe\Data\Barnegat_Bay_Islands_Catalog_Drafts&lt;/WorkspaceConnectionString&gt;&lt;WorkspaceFactory&gt;Shapefile&lt;/WorkspaceFactory&gt;&lt;Dataset&gt;LBI_BB_islands_CRC_draft_20210428_v5_NoGaps&lt;/Dataset&gt;&lt;DatasetType&gt;esriDTFeatureClass&lt;/DatasetType&gt;&lt;/CIMStandardDataConnection&gt;" &lt;operationSequence&gt;&lt;workflow&gt;&lt;AddField&gt;&lt;field_name&gt;omwm_acres&lt;/field_name&gt;&lt;field_type&gt;FLOAT&lt;/field_type&gt;&lt;field_is_nullable&gt;False&lt;/field_is_nullable&gt;&lt;field_is_required&gt;False&lt;/field_is_required&gt;&lt;/AddField&gt;&lt;/workflow&gt;&lt;/operationSequence&gt;</Process><Process ToolSource="c:\users\ferencza\appdata\local\programs\arcgis\pro\Resources\ArcToolbox\toolboxes\Data Management Tools.tbx\UpdateSchema" Date="20210516" Time="130632">UpdateSchema "CIMDATA=&lt;CIMStandardDataConnection xsi:type='typens:CIMStandardDataConnection' xmlns:xsi='http://www.w3.org/2001/XMLSchema-instance' xmlns:xs='http://www.w3.org/2001/XMLSchema' xmlns:typens='http://www.esri.com/schemas/ArcGIS/2.5.0'&gt;&lt;WorkspaceConnectionString&gt;DATABASE=C:\Users\ferencza\Documents\Projects\BB_Islands_Workgroup\Forsythe\Data\Barnegat_Bay_Islands_Catalog_Drafts&lt;/WorkspaceConnectionString&gt;&lt;WorkspaceFactory&gt;Shapefile&lt;/WorkspaceFactory&gt;&lt;Dataset&gt;LBI_BB_islands_CRC_draft_20210428_v5_NoGaps&lt;/Dataset&gt;&lt;DatasetType&gt;esriDTFeatureClass&lt;/DatasetType&gt;&lt;/CIMStandardDataConnection&gt;" &lt;operationSequence&gt;&lt;workflow&gt;&lt;AddField&gt;&lt;field_name&gt;temp&lt;/field_name&gt;&lt;field_type&gt;FLOAT&lt;/field_type&gt;&lt;field_is_nullable&gt;False&lt;/field_is_nullable&gt;&lt;field_is_required&gt;False&lt;/field_is_required&gt;&lt;/AddField&gt;&lt;/workflow&gt;&lt;/operationSequence&gt;</Process><Process ToolSource="c:\users\ferencza\appdata\local\programs\arcgis\pro\Resources\ArcToolbox\toolboxes\Data Management Tools.tbx\CalculateField" Date="20210516" Time="130721">CalculateField "Island Catalog\LBI_BB_islands_CRC_draft_20210428_v5_NoGaps" temp round($feature.omwm_acres,2) ARCADE # Text</Process><Process ToolSource="c:\users\ferencza\appdata\local\programs\arcgis\pro\Resources\ArcToolbox\toolboxes\Data Management Tools.tbx\CalculateField" Date="20210516" Time="130734">CalculateField "Island Catalog\LBI_BB_islands_CRC_draft_20210428_v5_NoGaps" omwm_acres !temp! PYTHON3 # Text</Process><Process ToolSource="c:\users\ferencza\appdata\local\programs\arcgis\pro\Resources\ArcToolbox\toolboxes\Data Management Tools.tbx\CalculateField" Date="20210516" Time="130756">CalculateField "Island Catalog\LBI_BB_islands_CRC_draft_20210428_v5_NoGaps" temp round($feature.sc_avg_ft,2) ARCADE # Text</Process><Process ToolSource="c:\users\ferencza\appdata\local\programs\arcgis\pro\Resources\ArcToolbox\toolboxes\Data Management Tools.tbx\CalculateField" Date="20210516" Time="130807">CalculateField "Island Catalog\LBI_BB_islands_CRC_draft_20210428_v5_NoGaps" sc_avg_ft !temp! PYTHON3 # Text</Process><Process ToolSource="c:\users\ferencza\appdata\local\programs\arcgis\pro\Resources\ArcToolbox\toolboxes\Data Management Tools.tbx\DeleteField" Date="20210516" Time="130814">DeleteField "Island Catalog\LBI_BB_islands_CRC_draft_20210428_v5_NoGaps" temp</Process><Process ToolSource="c:\users\ferencza\appdata\local\programs\arcgis\pro\Resources\ArcToolbox\toolboxes\Data Management Tools.tbx\UpdateSchema" Date="20211117" Time="102207">UpdateSchema "CIMDATA=&lt;CIMStandardDataConnection xsi:type='typens:CIMStandardDataConnection' xmlns:xsi='http://www.w3.org/2001/XMLSchema-instance' xmlns:xs='http://www.w3.org/2001/XMLSchema' xmlns:typens='http://www.esri.com/schemas/ArcGIS/2.5.0'&gt;&lt;WorkspaceConnectionString&gt;DATABASE=C:\Users\ferencza\Documents\Projects\BB_Islands_Workgroup\Forsythe\Data\Barnegat_Bay_Islands_Catalog_Drafts&lt;/WorkspaceConnectionString&gt;&lt;WorkspaceFactory&gt;Shapefile&lt;/WorkspaceFactory&gt;&lt;Dataset&gt;LBI_BB_islands_CRC_draft_20210428_v5_NoGaps&lt;/Dataset&gt;&lt;DatasetType&gt;esriDTFeatureClass&lt;/DatasetType&gt;&lt;/CIMStandardDataConnection&gt;" &lt;operationSequence&gt;&lt;workflow&gt;&lt;AddField&gt;&lt;field_name&gt;cdf&lt;/field_name&gt;&lt;field_type&gt;TEXT&lt;/field_type&gt;&lt;field_length&gt;255&lt;/field_length&gt;&lt;field_is_nullable&gt;False&lt;/field_is_nullable&gt;&lt;field_is_required&gt;False&lt;/field_is_required&gt;&lt;/AddField&gt;&lt;/workflow&gt;&lt;workflow&gt;&lt;AddField&gt;&lt;field_name&gt;cdf_name&lt;/field_name&gt;&lt;field_type&gt;TEXT&lt;/field_type&gt;&lt;field_length&gt;255&lt;/field_length&gt;&lt;field_is_nullable&gt;False&lt;/field_is_nullable&gt;&lt;field_is_required&gt;False&lt;/field_is_required&gt;&lt;/AddField&gt;&lt;/workflow&gt;&lt;/operationSequence&gt;</Process><Process ToolSource="c:\program files (x86)\arcgis\desktop10.8\ArcToolbox\Toolboxes\Data Management Tools.tbx\CalculateField" Date="20211118" Time="092505">CalculateField LBI_BB_islands_CRC_draft_20210428_v5_NoGaps bird_util "present" VB #</Process></lineage><itemProps><itemLocation><linkage Sync="TRUE">file://\\ITS-LENOVO-344\C$\Users\ferencza\Documents\Projects\BB_Islands_Workgroup\Forsythe\Data\Barnegat_Bay_Islands_Catalog_Drafts\LBI_BB_islands_CRC_draft_20210428_v5_NoGaps.shp</linkage><protocol Sync="TRUE">Local Area Network</protocol></itemLocation><itemName Sync="TRUE">LBI_BB_islands_CRC_draft_20210428_v5_NoGaps</itemName><imsContentType Sync="TRUE">002</imsContentType><itemSize Sync="TRUE">0.000</itemSize></itemProps><copyHistory><copy source="C:\Users\ferencza\Documents\Projects\BB_Islands_Workgroup\Forsythe\Data\Barnegat_Bay_Islands_Catalog_Drafts\LBI_BB_islands_CRC_draft_20201215_v2" dest="\\ITS-LENOVO-344\C$\Users\ferencza\Documents\Projects\BB_Islands_Workgroup\Forsythe\Data\Barnegat_Bay_Islands_Catalog_Drafts\LBI_BB_islands_CRC_draft_20201215_v2_1" date="20201217" time="11373600"></copy></copyHistory><coordRef><type Sync="TRUE">Projected</type><geogcsn Sync="TRUE">GCS_North_American_1983</geogcsn><csUnits Sync="TRUE">Linear Unit: Foot_US (0.304801)</csUnits><projcsn Sync="TRUE">NAD_1983_StatePlane_New_Jersey_FIPS_2900_Feet</projcsn><peXml Sync="TRUE">&lt;ProjectedCoordinateSystem xsi:type='typens:ProjectedCoordinateSystem' xmlns:xsi='http://www.w3.org/2001/XMLSchema-instance' xmlns:xs='http://www.w3.org/2001/XMLSchema' xmlns:typens='http://www.esri.com/schemas/ArcGIS/2.5.0'&gt;&lt;WKT&gt;PROJCS[&amp;quot;NAD_1983_StatePlane_New_Jersey_FIPS_2900_Feet&amp;quot;,GEOGCS[&amp;quot;GCS_North_American_1983&amp;quot;,DATUM[&amp;quot;D_North_American_1983&amp;quot;,SPHEROID[&amp;quot;GRS_1980&amp;quot;,6378137.0,298.257222101]],PRIMEM[&amp;quot;Greenwich&amp;quot;,0.0],UNIT[&amp;quot;Degree&amp;quot;,0.0174532925199433]],PROJECTION[&amp;quot;Transverse_Mercator&amp;quot;],PARAMETER[&amp;quot;False_Easting&amp;quot;,492125.0],PARAMETER[&amp;quot;False_Northing&amp;quot;,0.0],PARAMETER[&amp;quot;Central_Meridian&amp;quot;,-74.5],PARAMETER[&amp;quot;Scale_Factor&amp;quot;,0.9999],PARAMETER[&amp;quot;Latitude_Of_Origin&amp;quot;,38.83333333333334],UNIT[&amp;quot;Foot_US&amp;quot;,0.3048006096012192],AUTHORITY[&amp;quot;EPSG&amp;quot;,3424]]&lt;/WKT&gt;&lt;XOrigin&gt;-17954600&lt;/XOrigin&gt;&lt;YOrigin&gt;-46918100&lt;/YOrigin&gt;&lt;XYScale&gt;137255069.87923574&lt;/XYScale&gt;&lt;ZOrigin&gt;-100000&lt;/ZOrigin&gt;&lt;ZScale&gt;10000&lt;/ZScale&gt;&lt;MOrigin&gt;-100000&lt;/MOrigin&gt;&lt;MScale&gt;10000&lt;/MScale&gt;&lt;XYTolerance&gt;0.0032808333333333331&lt;/XYTolerance&gt;&lt;ZTolerance&gt;0.001&lt;/ZTolerance&gt;&lt;MTolerance&gt;0.001&lt;/MTolerance&gt;&lt;HighPrecision&gt;true&lt;/HighPrecision&gt;&lt;WKID&gt;102711&lt;/WKID&gt;&lt;LatestWKID&gt;3424&lt;/LatestWKID&gt;&lt;/ProjectedCoordinateSystem&gt;</peXml></coordRef></DataProperties><SyncDate>20210428</SyncDate><SyncTime>12124700</SyncTime><ModDate>20210428</ModDate><ModTime>12124700</ModTime></Esri><dataIdInfo><envirDesc Sync="TRUE">Microsoft Windows 10 Version 10.0 (Build 19042) ; Esri ArcGIS 12.5.0.22081</envirDesc><dataLang><languageCode value="eng" Sync="TRUE"></languageCode><countryCode value="USA" Sync="TRUE"></countryCode></dataLang><idCitation><resTitle Sync="TRUE">LBI_BB_islands_CRC_draft_20210428_v5_NoGaps</resTitle><presForm><PresFormCd value="005" Sync="TRUE"></PresFormCd></presForm></idCitation><spatRpType><SpatRepTypCd value="001" Sync="TRUE"></SpatRepTypCd></spatRpType></dataIdInfo><mdLang><languageCode value="eng" Sync="TRUE"></languageCode><countryCode value="USA" Sync="TRUE"></countryCode></mdLang><mdChar><CharSetCd value="004" Sync="TRUE"></CharSetCd></mdChar><distInfo><distFormat><formatName Sync="TRUE">Shapefile</formatName></distFormat><distTranOps><transSize Sync="TRUE">0.000</transSize></distTranOps></distInfo><mdHrLv><ScopeCd value="005" Sync="TRUE"></ScopeCd></mdHrLv><mdHrLvName Sync="TRUE">dataset</mdHrLvName><refSysInfo><RefSystem><refSysID><identCode code="3424" Sync="TRUE"></identCode><idCodeSpace Sync="TRUE">EPSG</idCodeSpace><idVersion Sync="TRUE">8.9.3(9.3.0.0)</idVersion></refSysID></RefSystem></refSysInfo><spatRepInfo><VectSpatRep><geometObjs Name="LBI_BB_islands_CRC_draft_20210428_v5_NoGaps"><geoObjTyp><GeoObjTypCd value="002" Sync="TRUE"></GeoObjTypCd></geoObjTyp><geoObjCnt Sync="TRUE">0</geoObjCnt></geometObjs><topLvl><TopoLevCd value="001" Sync="TRUE"></TopoLevCd></topLvl></VectSpatRep></spatRepInfo><spdoinfo><ptvctinf><esriterm Name="LBI_BB_islands_CRC_draft_20210428_v5_NoGaps"><efeatyp Sync="TRUE">Simple</efeatyp><efeageom code="4" Sync="TRUE"></efeageom><esritopo Sync="TRUE">FALSE</esritopo><efeacnt Sync="TRUE">0</efeacnt><spindex Sync="TRUE">FALSE</spindex><linrefer Sync="TRUE">FALSE</linrefer></esriterm></ptvctinf></spdoinfo><eainfo><detailed Name="LBI_BB_islands_CRC_draft_20210428_v5_NoGaps"><enttyp><enttypl Sync="TRUE">LBI_BB_islands_CRC_draft_20210428_v5_NoGaps</enttypl><enttypt Sync="TRUE">Feature Class</enttypt><enttypc Sync="TRUE">0</enttypc></enttyp><attr><attrlabl Sync="TRUE">FID</attrlabl><attalias Sync="TRUE">FID</attalias><attrtype Sync="TRUE">OID</attrtype><attwidth Sync="TRUE">4</attwidth><atprecis Sync="TRUE">0</atprecis><attscale Sync="TRUE">0</attscale><attrdef Sync="TRUE">Internal feature number.</attrdef><attrdefs Sync="TRUE">Esri</attrdefs><attrdomv><udom Sync="TRUE">Sequential unique whole numbers that are automatically generated.</udom></attrdomv></attr><attr><attrlabl Sync="TRUE">Shape</attrlabl><attalias Sync="TRUE">Shape</attalias><attrtype Sync="TRUE">Geometry</attrtype><attwidth Sync="TRUE">0</attwidth><atprecis Sync="TRUE">0</atprecis><attscale Sync="TRUE">0</attscale><attrdef Sync="TRUE">Feature geometry.</attrdef><attrdefs Sync="TRUE">Esri</attrdefs><attrdomv><udom Sync="TRUE">Coordinates defining the features.</udom></attrdomv></attr><attr><attrlabl Sync="TRUE">ACRES</attrlabl><attalias Sync="TRUE">ACRES</attalias><attrtype Sync="TRUE">Double</attrtype><attwidth Sync="TRUE">19</attwidth><atprecis Sync="TRUE">0</atprecis><attscale Sync="TRUE">0</attscale></attr><attr><attrlabl Sync="TRUE">GoogleName</attrlabl><attalias Sync="TRUE">GoogleName</attalias><attrtype Sync="TRUE">String</attrtype><attwidth Sync="TRUE">254</attwidth><atprecis Sync="TRUE">0</atprecis><attscale Sync="TRUE">0</attscale></attr><attr><attrlabl Sync="TRUE">Source</attrlabl><attalias Sync="TRUE">Source</attalias><attrtype Sync="TRUE">String</attrtype><attwidth Sync="TRUE">254</attwidth><atprecis Sync="TRUE">0</atprecis><attscale Sync="TRUE">0</attscale></attr><attr><attrlabl Sync="TRUE">Island_ID</attrlabl><attalias Sync="TRUE">Island_ID</attalias><attrtype Sync="TRUE">Integer</attrtype><attwidth Sync="TRUE">10</attwidth><atprecis Sync="TRUE">10</atprecis><attscale Sync="TRUE">0</attscale></attr></detailed></eainfo><mdDateSt Sync="TRUE">20210428</mdDateSt></metadata>
